0000001USBankStandardAbbreviationsGlossaryVersion,v34
0000001USBankStandardAbbreviationsGlossaryUpdateDate,20200727
1042s,1042S
401k,401K
A,A
Aba,ABA
Abandon,ABNDN
Abbreviate,ABBR
Abbreviated,ABBRVTD
Abbreviation,ABBRVTN
Abend,ABND
Able,ABLE
About,ABT
Abroad,ABRD
Abs,ABS
Absence,ABSNC
Absolute,ABSLT
Absorb,ABSRB
Abstract,ABSTRCT
Aca,ACA
Acaps,ACAPS
Accelerate,ACCLRT
Accelerated,ACCLRTD
Accelerator,ACCLRTR
Accept,ACCPT
Acceptor,ACCPTR
Acceptance,ACCPTNC
Access,ACCES
Accessed,ACCESD
Accessibility,ACCSBLTY
Accessible,ACCSBL
Accessory,ACSRY
Accident,ACCD
Accommodate,ACCMMDT
Accommodation,ACCMMDTN
Accordance,ACCRDNC
Account,ACCNT
Account Information File,AIF
Accounting,ACCNTNG
Accounts,ACCNTS
Accounts Payable,AP
Accounts Receivable,AR
Accrete,ACCRT
Accretion,ACCRTN
Accrual,ACCRL
Accrue,ACCR
Accrued,ACCRD
Accumulate,ACCMLT
Accumulation,ACCMLTN
Accuracy,ACCRCY
Accurate,ACCURT
Ach,ACH
Achieve,ACHV
Achievement,ACHVMNT
Acknowledge,ACK
Acknowledgment,ACK
Acquire,ACQ
Acquired,ACQRD
Acquirer,ACQR
Acquiring,ACQNG
Acquisition,ACQSTN
Acronym,ACRNYM
Act,ACT
Actimize,ACTMZ
Action,ACTN
Actions,ACTNS
Activate,ACTVT
Activation,ACTVTN
Active,ACTV
Active Server Page,ASP
Active Server Page Extended,ASPX
Active Server Pages,ASP
Activity,ACTVTY
Actor,ACTOR
Actual,ACTL
Actualize,ACTLZ
Actualized,ACTLZD
Acxiom,ACXIOM
Ad,AD
Ad Hoc,ADHC
Ada,ADA
Adapt,ADPT
Adaptor,ADPTR
Add,ADD
Added,ADDED
Addendum,ADNDM
Addition,ADDTN
Additional,ADDTNL
Additional Compensation,ADCOM
Additions,ADDTNS
Address,ADDR
Address Verification Service,AVS
Addressee,ADDRSSEE
Adhere,ADHR
Adjudication,ADJDCTN
Adjust,ADJ
Adjustable,ADJSTBL
Adjustable Rate Mortgage,ARM
Adjusted,ADJSTD
Adjustment,ADJSTMNT
Admin,ADMIN
Administer,ADMNSTR
Administrate,ADMNSRT
Administration,ADMNSTRTN
Administrator,ADMNSTRTR
Adobe,ADB
Adopt,ADOPT
Adoption,ADPTN
Adult,ADLT
Advance,ADVNC
Advanced,ADVNCD
Advertise,ADVRTS
Advertisement,ADVRTSMNT
Advertiser,ADVRTSR
Advertising,ADVRTSNG
Advice,ADV
Advise,ADVS
Advised,ADVISED
Advised Line,ADLN
Advisor,ADVSR
Advisory,ADVSRY
Affect,AFFCT
Affected,AFFCTD
Affidavit,AFFDVT
Affiliate,AFFLT
Affiliated,AFFLTD
Affiliation,AFFLTN
Affirm,AFFRM
Affirmative,AFFRMTV
Affirmative Action Plan,AAP
Africa,AFRCA
African,AFRCN
Afs,AFS
After,AFTER
After Hours,AH
Afternoon,AFTN
Against,AGNST
Against Payment,APMT
Age,AGE
Agency,AGNCY
Agent,AGENT
Aggregate,AGGRGT
Aggregation,AGGRGTN
Aggregator,AGGRGTR
Aggressive,AGGRSV
Aggressor,AGGRSR
Agile,AGL
Agility,AGLTY
Agree,AGR
Agreement,AGRMNT
Aibd,AIBD
Aid,AID
Aif,AIF
Aim,AIM
Air,AIR
Airborne,ARBRN
Aircraft,ARCRFT
Airline,AIRLN
Airport,AIRPT
Aisle,AISLE
Alarm,ALARM
Alert,ALERT
Algorithm,ALGRTHM
Alias,ALIAS
Alien,ALIEN
Align,ALIGN
Aligned,ALGND
Alignment,ALGNMNT
All,ALL
Alliance,ALLINC
Allocate,ALLCT
Allocated,ALLCTD
Allocation,ALLCTN
Allocation Basis,ALBS
Allot,ALLT
Allotment,ALTMNT
Allow,ALLW
Allowable,ALLWBL
Allowance,ALLWNC
Allowed,ALLWD
Alpha,ALPH
Alter,ALTER
Alternate,ALT
Alternative,ALTRNTV
Aluminum,ALMNUM
Always,ALWYS
Amend,AMND
Amendment,AMNDMNT
Amenity,AMNTY
America,AMRCA
American,AMRCN
American Bank Association,ABA
American Bankers Association,ABA
American Banking Association,ABA
American Depository Receipt,ADR
American Express,AMEX
American Land Title Association,ALTA
American Stock Exchange,ASE
Aml,AML
Amortisation,AMRTSTN
Amortise,AMRTS
Amortization,AMRTZTN
Amortize,AMRTZ
Amortized,AMRTZD
Amount,AMT
Analog,ANLOG
Analyse,ANLYS
Analysis,ANLYSS
Analyst,ANLYST
Analytic,ANLYTC
Analytics,ANLYTCS
Analyze,ANLYZ
Anchor,ANCHR
And,AND
Android,ANDRD
Angle,ANGLE
Anniversary,ANNV
Annotation,ANNTTN
Announce,ANNC
Announced,ANNCD
Announcement,ANNCMNT
Annual,ANN
Annual Percentage Rate,APR
Annual Report,ANRT
Annual Treasury Line Review,ATLR
Annuity,ANUTY
Anomoly,ANMLY
Anonymous,ANON
Answer,ANS
Antenna,ANTNA
Anti,ANTI
Anti Money Laundering,AML
Anti Virus,AV
Anticipate,ANTCPT
Anticipated,ANTCPTD
Antivirus,AV
Any,ANY
Apache,APCHE
Apart,APRT
Apartment,APRTMNT
Api,API
Appearance,APPRNC
Appendix,APPNDX
Apple,APPLE
Appliance,APLNC
Applicability,APPLCBLTY
Applicable,APPLCBL
Applicant,APPLCNT
Application,APPLCTN
Application Criticality Assessment,ACA
Application Program Interface,API
Application Programming Interface,API
Applied,APLIED
Apply,APLY
Appoint,APPNT
Appointment,APPNTMNT
Appraisal,APPRSL
Appraise,APPRS
Appraised,APPRSD
Appraisee,APPRSE
Appraiser,APPRSR
Appreciate,APPRCT
Appreciation,APPRCTN
Approach,APPRCH
Approval,APPRVL
Approve,APPRV
Approved,APPRVD
Approver,APPRVR
Approximate,APPRXMT
April,APRL
Arbitrage,ARB
Archer,ARCHR
Architect,ARCHT
Architecture,ARCHTR
Archival,ARCHVL
Archive,ARCH
Area,AREA
Argo,ARGO
Argue,ARGU
Argument,ARGUMNT
Army,ARMY
Army Post Office,APO
Around,ARND
Arrangement,ARNGMNT
Arrival,ARVL
Arrive,ARV
Article,ARTCL
Artifact,ARTFCT
Artist,ARTST
As,AS
As400,AS400
Ascend,ASC
Asian,ASIAN
Asp,ASP
Aspect,ASPCT
Aspx,ASPX
Assemble,ASMBL
Assertion,ASRTN
Assessed,ASSD
Assessment,ASSMNT
Asset,ASSET
Assets,ASSETS
Assets Liabilities Position System,ALPS
Assets Under Management,AUM
Assign,ASGN
Assigned,ASGND
Assignee,ASGNEE
Assigner,ASGNR
Assignment,ASGNMNT
Assist,ASSIST
Assistance,ASSTNC
Assistant,ASSTNT
Associate,ASSOCT
Associated,ASSOCTD
Association,ASSN
Association Of International Bond Dealers,AIBD
Assort,ASSRT
Assortment,ASSRTMNT
Assume,ASUM
Assumed,ASUMD
Assumption,ASMPTN
Asynchronous,ASYNCHRNS
At,AT
Attach,ATCH
Attachment,ATCHMT
Attain,ATTAIN
Attained,ATTAINED
Attempt,ATMPT
Attempts,ATMPT
Attention,ATTN
Attorney,ATTRNY
Attribute,ATTR
Auction,AUCT
Audience,AUDNC
Audio,AUDIO
Audit,AUDIT
Audit Conclusions,AUCN
Audit Program,AUPM
Augment,AUGMNT
August,AUG
Australian,AUST
Authenticate,AUTHNTCT
Authenticated,AUTHNTCTD
Authentication,AUTHNTCTN
Authenticator,AUTHNTCTR
Author,AUTHR
Authority,AUTHRTY
Authorization,AUTHRZTN
Authorize,AUTHRZ
Authorized,AUTHRZD
Authorizer,AUTHRZR
Auto,AUTO
Automate,AUTOMT
Automated,AUTOMTD
Automated Banking System,ABS
Automated Cage System,ACS
Automated Clearing House,ACH
Automated Credit Application Processing System,ACAPS
Automated Financial System,AFS
Automated Retrieval And Chargeback System,ARCS
Automated Teller Machine,ATM
Automated Teller System,ATS
Automatic,AUTOMTC
Automatic Branch System,ABRS
Automatic Teller Machine,ATM
Automobile,AUTOMBL
Auxiliary,AUX
Availability,AVLBLTY
Available,AVAIL
Average,AVG
Average Net Receivable,ANR
Award,AWRD
Aware,AWR
Awareness,AWRNS
Away,AWAY
Axis,AXIS
Azure,AZURE
B,B
B2b,B2B
Back,BACK
Back End,BEND
Back End Debt To Income,BENDDTI
Back Order,BO
Back To Back,BCBC
Back Value,BKVL
Backed,BACKD
Backend,BEND
Background,BCKGRND
Backlog,BKLG
Backorder,BCKORDR
Backordered,BCKORDRD
Backup,BCKUP
Backvaluation,BKVLTN
Backward,BCKWRD
Bad,BAD
Badge,BADGE
Bag,BAG
Balance,BAL
Balance Sheet,BS
Balanced,BALNCD
Balancer,BALNCR
Balloon,BLLN
Band,BAND
Bank,BANK
Bank Guarantee,BGU
Bank Of England,BOE
Bank Wire,BNKW
Banker,BNKR
Bankers,BNKRS
Bankers Acceptance,BA
Banking,BNKNG
Bankrupt,BNKRPT
Bankruptcy,BNKRPTCY
Bankwide,BNKWD
Bankwide Applicant Tracking System,BATS
Bankwire,BNKW
Banner,BNR
Bar,BAR
Bargain,BRGN
Barrier,BARRR
Base,BASE
Base Currency,BSCY
Based,BASED
Basel,BASEL
Baseline,BSLN
Basic,BASIC
Basis,BASIS
Basis Point,BP
Basis Points,BSPT
Basket,BSKT
Batch,BTCH
Battery,BTTRY
Baud,BAUD
Bay,BAY
Bb,BB
Bci,BCI
Bcra,BCRA
Be,BE
Bearer,BRER
Bearing,BRNG
Befg,BEFG
Before,BEF
Begin,BGN
Beginning,BGNNG
Beginning Of Day,BOD
Beginning Of Period,BOP
Beginning Of Week,BOW
Beginning Of Year,BOY
Behalf,BHLF
Behavior,BHVR
Behavioral,BHVRL
Belgian,BLGN
Belgian Bonds,SVN
Below,BELOW
Benchmark,BNCHMRK
Beneficiary,BNFCRY
Benefit,BNFT
Best,BEST
Bet,BET
Beta,BETA
Better,BTTR
Between,BTWEEN
Bi,BI
Bias,BIAS
Bid,BID
Big,BIG
Bigip,BIGIP
Bill,BILL
Bill Of Lading,BOL
Billed,BILLD
Billed Not Paid,BNP
Billing,BILLNG
Billing To Billing,BTB
Billpay,BLLPY
Bin,BIN
Bind,BIND
Bio,BIO
Biography,BGRPHY
Biometric,BIOMTRC
Birth,BRTH
Bitmap,BTMP
Bits,BITS
Bits Per Second,BPS
Black,BLCK
Blackout,BLCKOT
Blank,BLNK
Blanket,BLNKT
Blended,BLND
Blink,BLINK
Blob,BLOB
Block,BLK
Blog,BLOG
Blotter,BLTR
Blow,BLOW
Blue,BLUE
Blueprint,BLPRNT
Bnp,BNP
Board,BORD
Body,BODY
Bolt,BOLT
Bond,BOND
Bonds,BONDS
Bonds Borrowed,BB
Bondware,BDWR
Bonus,BONUS
Bonus Issue,BNIS
Book,BOOK
Book Entry,BKENTRY
Book Transfer,BT
Book Value,BV
Booked,BKD
Booking,BKNG
Bookkeeping,BKKPNG
Bookmark,BKMRK
Books,BOOKS
Boolean,BOLEAN
Boot,BOOT
Bootstrap,BOOTSTRP
Border,BRDR
Born,BORN
Borrow,BRRW
Borrowed,BRRWD
Borrower,BRRWR
Bottom,BOTM
Bought,BGT
Bought Claim,BC
Boundry,BNDRY
Bounds,BNDS
Bounty,BNTY
Box,BOX
Bracket,BRCKT
Bradstreet,BRDSTRT
Branch,BRNCH
Brand,BRAND
Break,BRK
Breakage,BRKAG
Breakeven,BRKEVN
Breakout,BRKOT
Breakpoint,BRKPNT
Brick,BRCK
Bridge,BRDG
Brief,BRIEF
British,BRTSH
British Thermal Unit,BTU
Broad,BRD
Broadcast,BRDCST
Broke,BROK
Broken,BRKN
Broker,BRKR
Brokerage,BRKG
Brown,BRWN
Browse,BRWS
Browser,BRWSR
Bubble,BBLE
Bucket,BCKT
Budget,BDGT
Buffer,BFFR
Build,BLD
Builder,BLDR
Building,BLDG
Built,BLT
Bulk,BULK
Bulletin,BULLTN
Bulletin Board,BBD
Bullion,BUL
Bullion Accounting And Consolidation System,BACS
Bundle,BNDL
Bureau,BURU
Bus,BUS
Business,BSNS
Business Activity,BUAC
Business Data Entry,BDE
Business Equipment Finance Group,BEFG
Business Information Officer,BIO
Business Intelligence,BI
Business Loan,BLN
Business Opportunity,BUOP
Business To Business,B2B
Business Unit,BU
Business Verification Index,BVI
Button,BTTN
Buy,BUY
Buyback,BUYBK
Buyer,BUYER
Buying,BUYNG
By,BY
Bypass,BYPSS
Byte,BYTE
C,C
C.V.,RSME
Cable,CABLE
Cache,CACHE
Cage,CAGE
Calculate,CALC
Calculated,CLCLTD
Calculation,CLCLTN
Calendar,CAL
California,CLFRNA
California Land And Title Association,CLTA
Call,CALL
Calling,CALLNG
Calling Card,CLCRD
Callout,CALLOT
Campaign,CMPGN
Canadian,CNDN
Cancel,CNCL
Cancellation,CNCLTN
Cancelled,CNCLD
Candidate,CNDDT
Cannot,CNNT
Cap,CAP
Capabilities,CPBLTS
Capability,CPBLTY
Capable,CPBL
Capacity,CPCTY
Capex,CAPEX
Capita,CPTA
Capital,CPTL
Capital Expenditure,CAPEX
Capital Gain,CAPGN
Capital Loss,CAPLS
Capital Markets Research,CMR
Capitalization,CPTLZTN
Capitalize,CPTLZ
Caption,CPTN
Capture,CPTR
Car,CAR
Card,CARD
Card Verification Value,CVV
Cardholder,CRDHLDR
Care,CARE
Cargo,CRGO
Carrier,CARR
Carry,CARRY
Carrying,CRRYNG
Carryover,CRRYOVR
Cart,CART
Carton,CARTN
Cartonizing,CARTNZNG
Cascade,CSCDE
Case,CASE
Cash,CASH
Cash Account Transfer,CACX
Cash Advance,CSHADV
Cash Against Delivery,CAD
Cash Back,CSHBK
Cash Borrow,CSBW
Cash Collection,CC
Cash Concentration,CSHCONC
Cash Flow,CSFL
Cash Flow Coverage,CFC
Cash Loan,CSLN
Cash On Delivery,COD
Cash Wire,CW
Cashback,CSHBK
Cashfax,CSHFX
Cashfax Plus,CSHFXPLS
Cashier,CSHR
Cashier Check,CSHRCHK
Casino,CSNO
Casper,CSPR
Cassette,CSTTE
Cast,CAST
Catalog,CTLG
Catalyst,CTLYST
Category,CTGRY
Caucasian,CACSN
Causal,CAUSL
Cause,CAUSE
Cbdm,CBDM
Cedel,CEDEL
Cei,CEI
Ceiling,CLNG
Cell,CELL
Cellular,CELLR
Cellular Phone,CELLPHN
Census,CENSUS
Cent,CENT
Center,CENTR
Centimeter,CNTMTR
Central,CNTRL
Central Gilt Office,CGO
Central Processing Unit,CPU
Central Standard Time,CST
Centralized,CNTRLZD
Centralized Application Repository,CAR
Century,CENTRY
Ceremony,CRMNY
Certificate,CERT
Certificate Of Deposit,CD
Certification,CERTFCTN
Certified,CRTFD
Certify,CRTFY
Chain,CHN
Chained,CHND
Challenge,CHLNG
Champion,CHMPN
Change,CHNG
Changeable,CHGBL
Changes,CHNGS
Channel,CHNL
Chapter,CHPTR
Character,CHAR
Characteristic,CHRCTRSTC
Charge,CHRG
Charge Off,CHGOF
Chargeback,CHRGBCK
Charged,CHRGD
Charged Off,CHGOF
Charges,CHRGS
Chart,CHT
Chart Of Account,COA
Charter,CHRTR
Chassis,CHSS
Chat,CHAT
Chattel,CHTTL
Check,CHK
Check In,CHKIN
Check Out,CHKOUT
Checker,CHKR
Checking,CHKNG
Checking Account,CHKACCT
Checking Account Advance,CAA
Checking Account Repayment Program,CARP
Checkpoint,CHKPNT
Cheques,CHQES
Chief,CHIEF
Chief Executive Officer,CEO
Child,CHLD
Children,CHLDRN
Choice,CHC
Choose,CHOOSE
Christian,CHRSTN
Christiana,CHRSTNA
Christmas,CHRSTMS
Chunk,CHUNK
Chute,CHTE
Cics,CICS
Cif,CIF
Circle,CRCL
Circuit,CRCT
Circulate,CRCLT
Circulation,CRCLTN
Cis,CIS
Cisp,CISP
Citizen,CTZN
Citizenship,CTZNSHP
Citrix,CITRIX
City,CITY
City Pair,CTYPR
Claim,CLM
Class,CLASS
Classical,CLSSCL
Classification,CLSSFCTN
Classified,CLSFD
Classword,CLSSWRD
Clause,CLAUS
Clean,CLN
Clear,CLR
Clearance,CLRNC
Clearcase,CLRCSE
Cleared,CLRD
Clearing,CLRNG
Clearing Broker,CBKR
Clearing House,CHSE
Clearing House Interbank Payments System,CHIPS
Clearing Member Trade Agreement,CMTA
Clerk,CLRK
Client,CLNT
Client Reporting System,CRS
Clip,CLIP
Clipping,CLPPNG
Clob,CLOB
Clock,CLOCK
Clone,CLON
Close,CLSE
Close Of Business,COB
Closed,CLSD
Closest,CLST
Closing,CLSNG
Closure,CLSR
Cloud,CLOUD
Club,CLUB
Cluster,CLSTR
Cmdb,CMDB
Co,CO
Coach,COACH
Coast,COAST
Coastal,CSTL
Coastal Barrier Reform Act,CBRA
Cobol,COBOL
Code,CDE
Coded Credit History,CCH
Codes,CDES
Coefficient,CFFCNT
Coin,COIN
Cold,COLD
Cole,COLE
Cole Survey,COLE
Collaborate,COLLBRT
Collaboration,COLLBRTN
Collar,COLLR
Collateral,CLLTRL
Collateralized,CLLTRLZD
Collateralized Mortgage Obligation,CMO
Collect,COLLCT
Collected,COLLCTD
Collection,COLLCTN
Collector,COLLCTR
College,COLGE
Color,COLR
Column,COL
Comaker,COMAKER
Combination,CMBNTN
Combine,CMBN
Combined,CMBND
Combined Loan To Value,CLTV
Comma,CMMA
Comma Separated Value,CSV
Commence,CMNC
Commencement,CMNCMNT
Comment,CMNT
Commentary,CMNTRY
Commentator,CMNTTR
Comments,CMNTS
Commerce,CMMRC
Commercial,CMRCL
Commercial Loan System,CLS
Commercial Loan Workflow,CLW
Commercial Paper,CMPPR
Commission,CMSSN
Commissioner,CMSSNR
Commit,COMMT
Commitment,COMMNT
Committed,COMMTD
Committee,CMTTE
Committee On Uniform Securities Identification Procedures,CUSIP
Commodities,CMDTS
Commodity,CMDTY
Commodity Exchange,COMEX
Common,COMN
Common Business Oriented Language,COBOL
Common Stock Equivalent,CSE
Communicate,CMNCT
Communication,CMNCTN
Communicator,CMNCTR
Community,CMNTY
Community Bank,CB
Community Reinvestment Act,CRA
Compact,CMPCT
Compact Disc,CMPCTDSC
Company,CMPNY
Comparable,CMPRBL
Compare,CMPR
Comparison,CMPRSN
Comparison Interface Process,CIP
Compensate,CMPNST
Compensated,CMPNSTD
Compensating,CMPNSTNG
Compensation,CMPNSTN
Compete,CMPET
Competency,CMPTNCY
Competent,CMPTT
Competition,CMPETTN
Competitive,CMPETTV
Competitor,CMPTTR
Complaint,CMPLAINT
Complement,CMPLMNT
Complementary,CMPLMNTRY
Complete,CMPLT
Completed,CMPLTD
Completion,CMPLTN
Complex,CMPLX
Complexity,CMPLXTY
Compliance,CMPLNC
Compliant,CMPLNT
Comply,CMPLY
Component,CMPNT
Composite,CMPOSIT
Composition,CMPOSITN
Compound,COMPD
Comprehensive,CMPRHNSV
Comprehensive Headcount Reporting System,CHR
Compress,CMPRSS
Compression,CMPRSSN
Compromise,CMPRMS
Compromised,CMPRMSD
Comptroller,CMPTRLLR
Compute,CMPT
Computed,CMPTD
Computer,CMPTR
Computer Terminal,CTML
Computing,CMPTNG
Concatenated,CNCTNTD
Concatenation,CNCTNTN
Concede,CNCDE
Concentrate,CNCNTRT
Concentration,CNCNTRTN
Concept,CONCPT
Conceptual,CONCPTL
Conceptual Data Model,CDM
Concession,CONCSN
Conclude,CNCLDE
Conclusion,CNCLSN
Conclusions,CNCLSNS
Concur,CNCR
Concurrent,CNCRRNT
Concurring,CNCRNG
Condition,COND
Conduct,CNDCT
Conduit,CNDT
Confidence,CNFDNC
Confident,CONFDNT
Confidential,CONFD
Confidentiality,CNFDNTLTY
Configuration,CONFGRTN
Configuration Management Database,CMDB
Configure,CONFG
Confirm,CONF
Confirmation,CONFRMTN
Conflict,CNFLCT
Conform,CNFRM
Conforming,CNFRMG
Congressional,CNGRSNL
Conjunction,CNJNCTN
Connect,CNECT
Connection,CNECTN
Connections,CNECTNS
Connectivity,CNECTVTY
Consecutive,CNSCTV
Consent,CNSNT
Consideration,CNSDRTN
Consign,CNSGN
Consignee,CNSGNE
Consignment,CNSGNMNT
Consistent,CNSSTNT
Consolidate,CNSLDT
Consolidated,CNSLDTD
Consolidated Reporting Point,CRP
Consolidation,CNSLDTN
Consolidation Internal Analysis Group,CIAG
Constant,CONST
Constraint,CSTR
Construct,CNSTRCT
Construction,CNSTRCTN
Consult,CNST
Consultant,CNSTNT
Consume,CNSM
Consumer,CNSMR
Consumer Finance,CF
Consumer Price Index,CPI
Consumer Verification Index,CVI
Consummate,CSMT
Consummation,CNSMTN
Contact,CNTCT
Contain,CNTN
Contained,CNTND
Container,CNTNR
Content,CNTNT
Contest,CNTST
Context,CNTXT
Contingency,CNTNGNCY
Contingent,CNTNGNT
Contingent Deferred Sales Charge,CDSC
Continue,CONT
Continuity,CONTNTY
Continuous,CONTNS
Continuous Net Settlement,CNS
Contra,CNTA
Contract,CNTRCT
Contractor,CNTRCTR
Contractual,CNTRCTL
Contribute,CNTRB
Contribution,CNTRBTN
Contributor,CNTRBTR
Control,CONTRL
Controllable,CONTRLLBL
Controlled,CONTRLD
Controller,CTRLR
Controls,CONTRLS
Convenience,CNVNENC
Convenient,CNVNENT
Convention,CONVNTN
Conventional,CONVNTNL
Converge,CNVRG
Converged,CNVRGD
Conversion,CNVRSN
Convert,CNVRT
Convertible,CNVRTBL
Convey,CONVEY
Conveyable,CNVYBL
Conveyor,CNVYR
Cookie,COOKIE
Cool,COOL
Coordinate,CRDNT
Coordinator,CRDNTR
Copestar,CPSTR
Copies,COPIES
Copper,COPPR
Copy,COPY
Core,CORE
Corillian,CRLLN
Corporate,CORP
Corporate Accounts Receivable System,CARS
Corporate Consolidated,COCN
Corporate Consolidation System,CCS
Corporate Employee Number,CEN
Corporate Payment Systems,CPS
Corporation,CORPTN
Correct,CRRCT
Correction,CRRCTN
Correlate,CORLAT
Correlation,CORLATN
Correspond,CRRSPND
Correspondence,CRRSPNDNC
Correspondent,CRRSPNDNT
Corresponding,CRRSPNDNG
Corrugate,CRRGT
Corrugation,CRRGTN
Cosign,COS
Cosigner,COSGNR
Cosmos,COSMOS
Cost,COST
Cost Center,CCR
Cost of Funds,COF
Costing,COSTNG
Council,COUNCL
Count,CNT
Counter,CNTR
Counter Currency,CTCY
Counter Party,CNTRPRTY
Counterparty,CNTRPRTY
Country,CTRY
County,CNTY
Coupon,CPN
Courier,COURR
Course,CRSE
Court,COURT
Cover,CVR
Coverage,CVRG
Covered,CVRD
Cpu,CPU
Create,CRT
Created,CRTD
Creation,CRTN
Creator,CRTR
Credential,CRDNTL
Credentials,CRDNTLS
Credit,CRDT
Credit Alert Interactive Voice Response System,CAIVRS
Credit Authority,CRDTAUTHRTY
Credit Authorization,CRDTAUTHRZTN
Credit Bureau,CRDTBR
Credit Bureau Report,CBR
Credit Card,CRCRD
Credit Facility,CRFC
Credit Line,CRLN
Credit Point,CRPT
Credit Rating,CRTG
Criminal,CRMNL
Criteria,CRIT
Criterion,CRIT
Critical,CRTCL
Criticize,CRTCZ
Criticized,CRTCZD
Crm,CRM
Cross,CROSS
Cross Border,XBRDR
Cross Currency,XCRNCY
Cross Reference,XREF
Cross System Product,CSP
Crossover,XOVER
Crt,CTML
Crud,CRUD
Crumb,CRMB
Cst,CST
Csv,CSV
Cti,CTI
Cuba,CUBA
Cuban,CUBAN
Cube,CUBE
Cum Dividend,CMDV
Cumulative,CUM
Cure,CURE
Currency,CRNCY
Current,CURR
Current Analysis Cycle,CAC
Current Cycle,CCYCL
Current Year,CRYR
Current Year Current Period,CYCP
Current Year Last Period,CYLP
Current Year Last Quarter,CYLQ
Curriculum,CRRCLM
Curriculum Vitae,RSME
Curtailment,CURT
Curve,CURV
Cusip,CUSIP
Custodian,CSTDN
Custody,CSTDY
Custom,CSTM
Custom Statement Formatter,CSF
Customer,CUST
Customer Call,CUSTCL
Customer Contact,CUSTCNTCT
Customer Engagement Interface,CEI
Customer Express,CSTEXPRSS
Customer Field,CUSTFLD
Customer Identification,CUSTID
Customer Information Control System,CICS
Customer Information File,CIF
Customer Information System,CIS
Customer Initiated Deposits,CID
Customer Need,CUSTND
Customer Relationship Management,CRM
Customer Service,CUSTSVC
Customize,CSTMZ
Customs,CSTMS
Cut,CUT
Cutoff,CTF
Cutover,CUTOVER
Cycle,CYCL
Cycles,CYCLS
Cyclic,CYCLC
Cyclic Redundancy Check,CRC
D,D
Daemon,DAEMON
Daily,DLY
Daily Advance Rate,DAR
Daily Cash Link,DCL
Daily Settlement Limit,DSL
Damage,DMG
Dasd,DASD
Dashboard,DSHBRD
Data,DTA
Data Base,DB
Data Base Management System,DBMS
Data Center,DCTR
Data Control System,DCS
Data Control System Profitability,DCSP
Data Definition Language,DDL
Data Definition Name,DDN
Data Flow Diagram,DFD
Data Integration,DI
Data Manipulation Language,DML
Data Mart,DM
Data Quality,DQ
Data Store,DTSTO
Data Structure,DTSTRCT
Data Transfer In,DXIN
Data Transfer Out,DXOUT
Data Unit,DU
Data Warehouse,DW
Database,DB
Database Administrator,DBA
Dataflow,DTFLO
Dataset,DS
Dataview,DTVW
Date,DT
Date Error,DTERR
Date of Birth,DOB
Date Of Issue,DOI
Datetime,DTTM
Day,DY
Daylight,DYLT
Days,DAYS
Days Past Due,DPD
Daytrip,DAYTP
Db2,DB2
Dba,DBA
Dda,DDA
Ddname,DDN
Deactivate,DCTVAT
Deactivation,DCVATN
Dead,DEAD
Deadline,DDLN
Deal,DEAL
Dealer,DLR
Dealer Floor Plan,DFP
Dealers,DLRS
Death,DEATH
Debit,DEBIT
Debit To Income,DBTI
Debt,DEBT
Debt To Income,DTI
Deceased,DECSD
December,DEC
Decide,DECID
Decile,DCLE
Decimal,DECML
Decision,DCSN
Decisioning,DCSNG
Deck,DECK
Declare,DCLR
Declared,DCLRD
Decline,DCLN
Declined,DCLND
Declining,DCLNNG
Decode,DECODE
Decommission,DECMMSSN
Decrease,DECR
Dedicate,DEDCT
Dedication,DDCTN
Deduct,DEDUCT
Deductible,DEDCTBL
Deduction,DEDCTN
Deed,DEED
Deep,DEEP
Default,DFLT
Defaulted,DFLTD
Defect,DEFECT
Defective,DFCTV
Defense,DFNS
Defer,DFR
Deferral,DFRL
Deferred,DFRD
Deficit,DEF
Define,DEFN
Defined,DEFND
Definition,DEFNTN
Definitive,DEFNTV
Degradation,DGRDTN
Degrade,DGRD
Degree,DEG
Delay,DELAY
Delegate,DELGT
Delete,DEL
Deletion,DELTN
Delinquency,DLNQNCY
Delinquent,DLNQNT
Deliver,DLVR
Deliver Versus Payment,DVP
Deliverable,DLVRBL
Delivered,DLVRD
Delivery,DLVRY
Dell,DELL
Delta,DELTA
Demand,DMND
Demand Deposit Account,DDA
Dematerialized,DMTRL
Demographic,DEMG
Demonstrate,DMNSTRT
Demonstration,DMNSTRTN
Demote,DEMOTE
Demotion,DEMOTN
Denial,DENY
Denied,DENY
Denomination,DENMNTN
Denominator,DENMNTR
Density,DENSTY
Dental,DNTL
Deny,DENY
Depart,DPRT
Department,DEPT
Departure,DPRTR
Depend,DPND
Dependency,DPNDNCY
Dependent,DPNDNT
Depict,DPCT
Depiction,DPCTN
Deploy,DPLY
Deployed,DPLYD
Deployment,DPLYMNT
Deposit,DEPST
Depositor,DEPSTR
Depository,DPSTRY
Depository Trust Company,DTC
Deposits,DEPSTS
Depot,DEPOT
Deprecate,DPRCT
Depreciate,DPRCIAT
Depreciation,DPRCIATN
Depricate,DPRICT
Depricated,DPRICTD
Depth,DEPTH
Derivation,DRVTN
Derivative,DERVTV
Derive,DERV
Derived,DERVD
Derogatory,DEROG
Descend,DSCND
Describe,DESC
Description,DESC
Descriptor,DESCTR
Design,DSGN
Designate,DESG
Designated,DESGNTD
Designated Marketing Area,DMA
Designation,DESGNTN
Desk,DESK
Desktop,DSKTOP
Destination,DEST
Destroy,DSTRY
Detail,DTL
Detail Balance,DLBL
Details,DTLS
Detect,DTCT
Detection,DTCTN
Determination,DTRMNTN
Determine,DTRMN
Develop,DEV
Development,DVLPMNT
Deviate,DEVT
Deviation,DEVTN
Device,DVC
Dfd,DFD
Diagnose,DIAG
Diagnosis,DIAG
Diagnostic,DIAG
Diagram,DIAGRM
Dial,DIAL
Dialer,DIALR
Dialogue,DIALG
Diamond,DIMND
Diary,DRY
Dictionary,DCTNRY
Diem,DIEM
Differ,DIFFER
Difference,DIFF
Differential,DIFFRNTL
Digit,DGT
Digital,DGTL
Dimension,DIM
Dimensional,DMNSNL
Direct,DRCT
Direct Deposit,DIRDEP
Direction,DRCTN
Directive,DIRCTV
Director,DIRCTR
Directory,DRCTY
Disability,DSBLTY
Disable,DSBL
Disabled,DSBLD
Disappoint,DSAPPNT
Disapprove,DAPRV
Disassemble,DSMBL
Disaster,DISASTR
Disaster Recovery,DR
Disburse,DISB
Disbursement,DISB
Disc,DISC
Discharge,DSCHRG
Discipline,DSCPLN
Disclaimer,DSCLMR
Disclose,DSCLS
Disclosure,DSCLSR
Disconnect,DSCNCT
Discontinue,DSCNTN
Discount,DSCNT
Discounted,DSCNTD
Discounted Cash Flow,DC
Discovery,DSCVRY
Discrepancy,DSCRPNCY
Discretion,DISCR
Discretionary,DISCR
Discuss,DSCSS
Discussion,DSCSSN
Disk,DISK
Dispatch,DSPTCH
Dispense,DSPNCE
Dispenser,DSPNCSR
Displace,DSPLC
Displacement,DSPLCMNT
Display,DISP
Displayed,DISPYD
Disposable,DSPSBL
Disposal,DSPSL
Dispose,DSPS
Disposition,DSPN
Dispute,DISPT
Disputed,DISPTD
Distance,DISTNC
Distant,DISTNT
Distinct,DSTNCT
Distinguish,DSTNGSH
Distinguished,DSTNGSHD
Distribute,DSTRBT
Distributed,DSTRBTD
Distribution,DSTRBTN
Distributor,DSTRBTR
District,DIST
Diverse,DVRS
Diversion,DIVRSN
Diversity,DVRSTY
Divest,DVST
Divestiture,DVSTR
Divide,DIVD
Dividend,DVDND
Divider,DIVDR
Division,DIV
Dock,DOCK
Document,DOC
Documentation,DOC
Documents,DOCS
Doing,DOING
Dollar,DOLR
Domain,DOMN
Domestic,DOM
Domestic Operations Chart Of Accounts,DOCA
Domicile,DOMCL
Donor,DNR
Door,DOOR
Doradynamic,DRDYNMC
Doradynamic Online Report Aid,DORA
Dormitory,DRMTRY
Dotcom,DTCOM
Double,DBL
Down,DOWN
Downgrade,DNGRD
Download,DNLD
Downside,DNSD
Downtime,DNTM
Draft,DRFT
Draw,DRAW
Draw Down,DRWDN
Drawdown,DRWDN
Drawn,DRWN
Drill,DRILL
Drive,DRV
Driver,DRVR
Drop,DROP
Drop Off,DRPOF
Drug,DRUG
Dtc,DTC
Dual,DUAL
Due,DUE
Dummy,DMMY
Dunn,DUNN
Dunn and Bradstreet,DNB
Duns,DUNS
Duplex,DUPLEX
Duplicate,DUP
Duration,DUR
Duty,DUTY
Dwelling,DWLNG
Dynamic,DYN
Dynamics,DYNMCS
E,E
E Partner,EPRTNR
Ea,EA
Each,EACH
Ealms,EALMS
Early,ERLY
Earmark,EARM
Earn,EARN
Earned,EARN
Earnings,EARN
Earnings Per Share,EPS
Ease,EASE
East,EAST
Eastern Standard Time,EST
Easy,EASY
Economic,ECONMC
Economy,ECON
Ecredit,ECR
Ecv,ECV
Edit,EDIT
Edit Rule,EDRL
Edition,EDTN
Edm,EDM
Education,EDU
Education In Progress,EIP
Edw,EDW
Effective,EFF
Effectivity,EFFCTVTY
Efficient,EFFCNT
Effort,EFFORT
Eight,8
Eighteen,18
Elan,ELAN
Elapse,ELPSE
Elapsed,ELPSD
Elavon,ELVN
Elect,ELECT
Election,ELCTN
Electric,ELCTRC
Electronic,ELEC
Electronic Account Analysis,EAA
Electronic Fund Transfer,EFT
Electronic Funds Transfer,EFT
Electronic Mail,EMAIL
Element,ELE
Eleven,11
Eligibility,ELIG
Eligible,ELIG
Eliminate,ELIM
Elimination,ELIMNTN
Elm,ELM
Elt,ELT
Elz,ELZ
Email,EMAIL
Embed,EMBED
Emboss,EMBOS
Emerge,EMRG
Emergency,EMRGNCY
Emergency Contact,EMCT
Employee,EMP
Employee Appraisal,EMPAPRSL
Employee Course,EMPCS
Employee Expense Statement,EMPXS
Employee Skill,EMPSK
Employee Stock Option Plan,ESOP
Employer,EMPLR
Employment,EMPLT
Empower,EMPWR
Empty,EMPTY
Emulate,EMULT
Emulation,EMULTN
Enable,ENABL
Enabled,ENABLD
Enclave,ENCLV
Enclose,ENCLS
Enclosed,ENCLSD
Enclosure,ENCLSR
Encrypt,ENCRYPT
Encrypted,ENCRYPTD
Encryption,ENCRYPTN
Encumber,ENCMBR
End,END
End Of Cycle,EOC
End Of Day,EOD
End Of File,EOF
End Of Lease,EOLS
End Of Line,EOL
End of Month,EOM
End Of Period,EOP
End Of Quarter,EOQ
End Of Segment,EOR
End of Term,EOT
End Of Text,EOTX
End Of Transmission,EOTR
End Of Week,EOW
End Of Year,EOY
Endeavor,ENDVR
Ending,END
Ending Net Receivable,ENR
Endorsement,ENDRS
Endpoint,ENDPNT
Energy,ENERGY
Energy Park Operations Center,EPOC
Enforce,ENFORCE
Enforcement,ENFRCMNT
Engage,ENGAGE
Engagement,ENGAGMNT
Engine,ENGN
Engineer,ENGNR
England,ENGLND
English,ENGLSH
Enhance,ENHNC
Enhanced,ENHNCD
Enhancement,ENHNCMNT
Enque,ENQ
Enqueue,ENQE
Enquire,INQ
Enquiry,INQ
Enriched,ENRCHD
Enroll,ENROLL
Enrolled,ENROLD
Enrollment,ENROL
Enroute,ENROUT
Ensure,ENSURE
Enter,ENT
Enterprise,ENTRPRS
Enterprise Architecture,EA
Enterprise Data Management,EDM
Enterprise Data Warehouse,EDW
Enterprise Landing Zone,ELZ
Enterprise Lead Management,ELM
Enterprise Leads Management,ELM
Enterprise Service Development,ESD
Entertain,ENTRTN
Entertainment,ENTRTNMNT
Entities,ENTTIES
Entitle,ENTL
Entitlement,ENTLMNT
Entity,ENTTY
Entrust,ENTRST
Entry,ENTRY
Envelope,ENVLP
Environment,ENVRNMNT
Environmental,ENVRNMNTL
Eoc,EOC
Epartner,EPRTNR
Episode,EPIS
Epoc,EPOC
Equal,EQ
Equal Employment Opportunity,EEO
Equifax,EQFX
Equipment,EQUIP
Equity,EQTY
Equivalent,EQ
Erode,ERODE
Erosion,EROSN
Error,ERR
Erwin,ERWIN
Escalate,ESCLT
Escalated,ESCLTD
Escalation,ESCLTN
Escape,ESCAPE
Escheat,ESCHEAT
Escrow,ESCRW
Escrow Analysis,ESCA
Esd,ESD
Esign,ESIGN
Esignature,ESIGNTR
Especially,ESPCLLY
Essential,ESSNTL
Establish,ESTBLSH
Established,ESTBLSHD
Establishment,ESTBLSHMNT
Estate,ESTAT
Estimate,ESTMT
Estimate To Complete,ETCP
Estimate To Completion,ETCP
Estimated,ESTMTD
Estimated Time Of Approval,ETA
Estimated To Completion,ETCP
Et Cetera,ETC
Ethnic,ETHNIC
Ethnicity,ETHNCTY
Etl,ETL
Euro,EURO
Eurobond,EUROBND
Euroclear,EUROCLR
Eurodollar,EURO
Europe,EUR
European,EUROPN
Evaluate,EVAL
Evaluation,EVALN
Even,EVEN
Evening,EVNG
Event,EVNT
Events,EVNTS
Ever,EVER
Evidence,EVDNC
Evident,EVDNT
Ex,EX
Ex Dividend,EXDV
Ex Interest,EXINT
Ex Rights,EXRGT
Ex Warrants,EXWNT
Exact,EXACT
Exam,EXAM
Examinate,EXMNT
Examination,EXMNTN
Examine,EXMN
Examiners,EXMNRS
Example,EXAMPL
Exbond,EXBND
Exceed,EXCED
Excel,EXCEL
Excellent,EXCLLNT
Except,EXCPT
Exception,EXCPTN
Excess,EXCS
Excessive,EXCSV
Exchange,EXCH
Exchange Contract,EXCN
Exchange For Physical,EFP
Exchange Metal Option,EMOP
Exchange Option,EXOP
Exclude,EXCLD
Exclusion,EXCLSN
Exclusive,EXCLSV
Executable,EXCTBL
Execute,EXCT
Execution,EXCTN
Executive,EXEC
Executive Line Of Credit,ELC
Exempt,EXMPT
Exercise,EXRC
Exhibit,EXHIBT
Exist,EXST
Existence,EXST
Exit,EXIT
Exotic,EXTC
Expand,EXPND
Expansion,EXPNSN
Expect,EXPCT
Expectation,EXPCTATN
Expected,EXPCTD
Expedite,XPED
Expend,EXPND
Expenditure,EXPNDTR
Expense,EXPNS
Expense Control System,ECS
Experience,EXPRNC
Experiences,EXPRNCS
Expert,EXPERT
Expiration,EXPRTN
Expire,EXPR
Expired,EXPRD
Expiry,EXPY
Expit,EXPIT
Explain,EXPLN
Explanation,EXPLNTN
Explode,EXPLD
Explosion,EXPLSN
Export,EXPRT
Expose,EXPS
Exposed,EXPSD
Exposure,EXPSR
Express,EXPRSS
Expression,EXPRSSN
Exshare,EXSHR
Extel,EXTEL
Extend,EXTND
Extended,EXTNDD
Extensible,EXTNSBL
Extensible Markup Language,XML
Extension,EXT
Extensions,EXTNSNS
External,EXTRNL
External Process,XPRCS
External Sub,EXSUB
Extra,EXTRA
Extract,EXTRCT
Extract Load Transform,ELT
Extract Transform Load,ETL
Extraction,EXTRCTN
Extreme,EXTREM
F,F
Face,FACE
Facebook,FACBK
Facility,FACLTY
Facing,FACNG
Facsimile,FAX
Fact,FACT
Factor,FCTR
Factory,FCTRY
Fail,FAIL
Failed,FAILD
Failover,FAILOVR
Failure,FAILR
Fair,FAIR
Fair And Accurate Credit Transaction Act,FACTA
Fair Isaac And Company,FICO
Fair Labor Standards Act,FLSA
Faith,FAITH
Family,FMLY
Fannie Mae,FNMA
Far,FAR
Far Term,FT
Fare,FARE
Farm,FARM
Fast,FAST
Faucet,FCT
Fault,FAULT
Favorite,FAV
Fax,FAX
Fcs,FCS
Fcs Processing Instruction,FPI
Fdw,FDW
Feature,FTR
February,FEB
Fed,FED
Fed Funds,FEDF
Federal,FED
Federal Deposit Insurance Corporation,FDIC
Federal Emergency Management Agency,FEMA
Federal Financial Institutions Examination Council,FFIEC
Federal Funds,FEDF
Federal Home Loan Bank,FHLB
Federal Home Loan Bank Board,FHLBB
Federal Housing Authority,FHA
Federal Housing Finance Board,FHFB
Federal National Mortgage,FNMA
Federal National Mortgage Association,FNMA
Federal Reserve Bank,FRB
Federal Reserve System,FRS
Federal Routing District American Bankers Association,FRDABA
Federal Sales Tax,FSTAX
Federal Wire,FEDW
Fee,FEE
Fee Billing And Account Analysis System,FBAAS
Fee Schedule,FSCH
Feed,FEED
Feedback,FEEDBK
Feeds,FEEDS
Fees,FEES
Feet,FEET
Female,FEML
Ffiec009,FF09
Fiche,FCHE
Fico,FICO
Field,FLD
Fifo,FIFO
Fifteen,15
Fifth,FIFTH
File,FILE
Filenet,FLNT
Files,FILES
Filing,FLNG
Fill,FILL
Filler,FILR
Film,FILM
Filter,FILTR
Filtered,FILTRD
Final,FNL
Finalized,FNLZD
Finance,FIN
Finance Charge,FINCHG
Financial,FINCL
Financial Account,FNAC
Financial Accounting,FNAC
Financial Accounting Standards Board,FASB
Financial Advisory Department,FAD
Financial Control System,FCS
Financial Control System Outstandings,FCSO
Financial Data Transport,FDT
Financial Data Warehouse,FDW
Financial Future,FFTR
Financial Institution Id,FIID
Financial Market,FNMK
Financials,FNCLS
Financing,FINNCNG
Find,FIND
Finding,FINDNG
Fineness,FINE
Finger,FNGR
Fingerprint,FNGRPRNT
Finish,FINSH
Fips,FIPS
Firewall,FRWALL
Firm,FIRM
Firmware,FRMWR
First,FRST
First Bank Systems,FBS
First Half,1HLF
First In First Out,FIFO
First Quarter,1QTR
Fiscal,FSCL
Fisma,FISMA
Fit,FIT
Five,5
Fix,FIX
Fixed,FIXED
Fixed Income,FINCM
Fixed Rate Advance,FRA
Fixed Term,FXT
Fixed Term Funding,FTF
Fixture,FXTR
Flag,FLG
Flagrant,FLGRNT
Flags,FLGS
Flash,FLASH
Flat,FLAT
Fleet,FLET
Fleet Post Office,FPO
Flexible,FLX
Flight,FLGHT
Float,FLOT
Floating,FLTNG
Floating Rate Note,FRN
Flood,FLOOD
Floor,FLR
Floor Broker,FBKR
Flow,FLOW
Flt,FLT
Focus,FOCS
Fold,FOLD
Folder,FOLDR
Folk,FOLK
Follow,FLW
Font,FONT
Food,FOOD
Foot,FOOT
Footer,FOOTR
Footnote,FOOTNT
Footprint,FTPRNT
For,FOR
Forbearance,FORBRNC
Force,FRC
Forecast,FCST
Foreclose,FRCLS
Foreclosed,FRCLSD
Foreclosure,FRCLSR
Foreground,FORGRND
Foreign,FRGN
Foreign Exchange,FX
Foreign Key,FK
Forfeit,FORFT
Form,FORM
Formal,FRML
Format,FRMT
Formatter,FRMTR
Former,FRMR
Formula,FRMLA
Forum,FORUM
Forward,FRWRD
Forwarding,FRWRDNG
Found,FOUND
Foundation,FNDATN
Four,4
Fourteen,14
Fourth,FRTH
Fourth Quarter,4QTR
Fraction,FRCN
Fractional,FRCNL
Fragment,FRGMNT
Frame,FRME
Framework,FRMWRK
Franc,FRANC
France,FRNC
Franchise,FRNCHS
Fraud,FRD
Freddie,FRDDE
Freddie Mac,FRE
Free,FREE
Free Of Payment,FOP
Freeze,FRZ
Freezer,FRZR
Freight,FRT
Frequency,FREQ
Friday,FRI
Friend,FREND
Fringe,FRINGE
From,FROM
Front,FRONT
Front End,FEND
Front End Debt To Income,FENDDTI
Front End Programming Interface,FEPI
Front Host Maintenance,FHM
Frontend,FEND
Frontier,FRNTR
Frozen,FRZN
Fst,FST
Fuel,FUEL
Fulfill,FULFILL
Fulfillment,FLFILLMNT
Full,FULL
Function,FUNCT
Functional,FUNCTNL
Functional Center,FCR
Functional Currency,FNCY
Fund,FUND
Funded,FNDD
Funding,FNDG
Funding Pool,FDPL
Funds,FNDS
Funds Transfer,FTFR
Fungible,FUNG
Fusion,FSN
Future,FUTR
Future Value,FV
Futures,FUTRS
G,G
Gain,GAIN
Game,GAME
Gaming,GAMNG
Gamma,GAMMA
Gap,GAP
Gar,GAR
Gateway,GTWY
Gem,GEM
Gen,GEN
Gender,GNDR
General,GNRL
General Ledger,GL
Generate,GNRT
Generation,GNRTN
Generic,GNRC
Genre,GENRE
Geographic,GEO
Geographic Area,GEOA
Geographic Location,GEOL
Geographical,GEO
Geography,GEO
German,GRMN
German Bonds,WERT
Gift,GIFT
Gift Shop,GFTSHP
Gilt,GILT
Ginnie Mae,GNMA
Girth,GIRTH
Given,GVN
Glass,GLASS
Glba,GLBA
Global,GLOB
Global Account Profitability System,GAPS
Global Exposure Management,GEMS
Global Exposure Management System,GEMS
Global Exposure system,GES
Global Family Number,GFN
Global Positioning System,GPS
Global Unique Identifier,GUID
Glory,GLRY
Glossary,GLSRY
Goal,GOAL
Gold,GOLD
Good,GOOD
Good Faith Estimate,GFE
Goods,GDS
Govern,GVRN
Governance,GVRNC
Government,GOVT
Government National Mortgage Association,GNMA
Government Services Agency,GSA
Government Sponsored Enterprise,GSE
Governmental,GVRNMNTL
Grace,GRC
Grade,GRDE
Gradient,GRDNT
Gradual,GRDL
Graduate,GRAD
Gramm Leach Bliley Act,GLBA
Grand,GRAND
Grandparent,GRNDPRNT
Grant,GRANT
Granted,GRNTD
Graph,GRPH
Graphic,GRPHC
Graphical,GRPHCL
Graphical User Interface,GUI
Gray,GRAY
Great,GREAT
Greater Than,GT
Green,GREEN
Greeting,GREET
Gregorian,GRGRN
Grey,GREY
Grid,GRID
Grill,GRILL
Grille,GRILL
Gross,GRSS
Ground,GROUND
Group,GRP
Grow,GROW
Growth,GRWTH
Guarantee,GRNTE
Guarantor,GRNTR
Guaranty,GRNTY
Guard,GRD
Guardian,GRDN
Guidance,GDNC
Guidance Line,GDLN
Guide,GDE
Guideline,GDLN
Guides,GDES
H,H
Habit,HBT
Hadoop,HDOP
Half,HLF
Hand,HAND
Hand To Bearer,HTB
Handheld,HNDHLD
Handicap,HNDCP
Handle,HNDL
Handler,HNDLR
Handling,HNDLG
Handset,HNDSET
Happen,HAPPN
Happening,HAPPNNG
Hard,HARD
Hard Copy,HRDCPY
Hard Drive,HRDDRV
Hardcopy,HRDCPY
Hardship,HRDSHP
Hardware,HDWR
Harness,HARN
Has,HAS
Hash,HASH
Hashed,HASHD
Haul,HAUL
Hazard,HAZ
Hbase,HBASE
Head,HD
Head Count,HDCT
Head Of Household,HOH
Head Office Extension Group,HOEG
Headcount,HDCNT
Headcount Planning System,HPS
Header,HDR
Heading,HDNG
Headquarters,HQ
Headset,HDSET
Health,HLTH
Heat,HEAT
Heavy,HVY
Hedge,HDG
Hedging,HDGNG
Height,HGT
Held,HELD
Help,HELP
Hewlett Packard,HP
Hexadecimal,HEX
Hidden,HIDDN
Hide,HIDE
Hierarchy,HIER
High,HIGH
High Volume,HVOL
Highest,HGHST
Highlight,HGHLGHT
Highly Leveraged Transaction,HLT
Hinge,HINGE
Hire,HIRE
Hispanic,HISPNC
Historical,HISTRCL
History,HIST
Hit,HIT
Hive,HIVE
Hogan,HGN
Hold,HLD
Holder,HLDR
Holding,HLDNG
Hole,HOLE
Holiday,HOL
Home,HOME
Home Affordable Modification Program,HAMP
Home Equity Credit Line,HECL
Home Equity Line Of Credit,HELOC
Home Mortgage,HM
Home Mortgage Disclosure Act,HMDA
Home Owner,HOMOWNR
Home Ownership And Equity Protection Act,HOEPA
Homebuyer,HOMBYR
Horizontal,HORZ
Hortonworks,HRTNWRKS
Hortonworks Data Platform,HDP
Host,HOST
Hosted,HOSTD
Hosting,HOSTNG
Hot,HOT
Hotel,HTL
Hour,HOUR
Hourly,HRLY
Hours,HOURS
House,HSE
Household,HH
Housing,HSNG
Housing And Urban Development,HUD
Housing Finance Agency,HFA
Hp,HP
Hub,HUB
Human,HUMAN
Human Resources,HR
Human Resources System,HRS
Hyper,HYPER
Hyperlink,HLNK
Hypertext,HYPRTXT
Hypertext Transport Protocol,HTTP
Hypertext Transport Protocol Secure,HTTPS
I,I
IBM,IBM
IBM Data Base 2,DB2
Icon,ICON
Id,ID
Idea,IDEA
Idempotency,IDMPTNC
Identifiable,IDNTFBL
Identification,ID
Identifier,ID
Identifiers,IDS
Identify,IDNTFY
Identity,IDNTITY
Identityguard,IDNTITYGRD
Idm,IDM
Idwires,IDWIRES
Ignore,IGNR
Illustrate,ILLSTRT
Illustration,ILLSTRTN
Image,IMG
Imaged,IMGD
Immediate,IMDT
Imms,IMMS
Impac,IMPAC
Impac System,IMPAC
Impact,IMPCT
Impacted,IMPCTD
Impair,IMPR
Impaired,IMPRD
Impairment,IMPRMT
Impersonate,IMPRSNT
Implement,IMPLMNT
Implementation,IMPLMNTN
Implemented,IMPLMNTD
Implementing,IMPLMNTNG
Implicate,IMPLCT
Implication,IMPLCTN
Imply,IMPL
Import,IMPORT
Important,IMP
Improve,IMPRV
Improvement,IMPRVMNT
Impute,IMPUT
Ims,IMS
In,IN
In Stores,INSTR
Inaccuracy,INACRCY
Inaccurate,INACCRT
Inactivation,INACTVTN
Inactive,INACTV
Inbound,INBND
Incentive,INCNTV
Inception,INCPTN
Inch,INCH
Incident,INCDNT
Include,INCLD
Inclusion,INCLSN
Inclusive,INCLSV
Income,INCM
Incoming,INCMNG
Incompatible,INCMPTBL
Incomplete,INCPLT
Incorporate,INC
Incorporated,INC
Incorporation,INC
Incorrect,INCRRCT
Increase,INCRS
Increment,INCR
Incremental,INCRMNTL
Indefinite,INDEF
Indent,IDNT
Independent,INDPNDNT
Index,INDX
Indian,INDIAN
Indicate,INDCT
Indicator,INDCTR
Indirect,INDRCT
Individual,INDVDL
Individual Retirement Account,IRA
Industrial,INDSTRL
Industrial Revenue Bond,IRB
Industry,INDSTRY
Ineligible,INELGBL
Infa,INFA
Inflation,INFLTN
Inflows,IFLW
Infolease,IFL
Inform,INFRM
Informatica,INFA
Information,INFO
Information Management System,IMS
Information Security Services,ISS
Information Services Practice,ISP
Information Technology,IT
Infrastructure,INFRSTRCTR
Ingres,INGRS
Inherit,INHERIT
Inherent,INHRNT
Initial,INITL
Initiate,INITT
Initiated,INITTD
Initiation,INITTN
Initiative,INITTV
Initiator,INITTR
Inner,INNER
Innovate,INNVT
Innovation,INNVTN
Input,INPT
Input Sequence Number,ISN
Inquire,INQ
Inquiry,INQ
Insert,INS
Inserted,INSRTD
Insertion,INSRTN
Insider,INSDR
Insight,INSGHT
Inspect,INSPCT
Inspection,INSPCTN
Inspector,INSPCTR
Install,INST
Install Plan,INSTPLN
Installable,INSTLBL
Installation,INSTLTN
Installer,INSTLR
Installment,INSTLMNT
Installment Loan,INSTLN
Instance,INSTNC
Instant,INSTNT
Institute,INSTIT
Institution,INSTITN
Institutions,INSTITNS
Instruction,INSTRCTN
Instrument,INSTRMNT
Instrument Of Payment,IOP
Insurance,INSRNC
Insure,INSR
Insured,INSRD
Intangible,INTNGBL
Integer,INTGR
Integrate,INTGRT
Integrated,INTGRTD
Integrated Card System,ICS
Integration,INTGRTN
Integrator,INTGRTR
Integrity,INTGRTY
Intel,INTEL
Intelligence,INTLLGNC
Intelligent,INTLLGNT
Intend,INTEND
Intent,INTNT
Inter,INTER
Inter Day,INTRDY
Interact,INTRACT
Interaction,INTRACTN
Interactions,INTRACTNS
Interactive,INTRACTV
Interactive Voice Response,IVR
Interbank,INBK
Interchange,INTCHG
Intercompany,INTRCMPNY
Interday,INTRDY
Interentity,INTRENTY
Interentity Elimination Difference,IED
Interest,INT
Interest Bearing,INTBRNG
Interest Rate,IR
Interest Transfer Pricing System,ITPS
Interested,INTRSTD
Interested Party,PARTY
Interface,INTRFC
Interim,INTRM
Intermediary,INTRMDRY
Intermediary Bank,IBK
Intermediate,INTRMDT
Internal,INTRNL
Internal Forecast,ILFC
Internal Rate Of Return,IRR
Internal Revenue Service,IRS
Internal Sub,INSUB
Internal Transfer Pricing,ITP
International,INTRNTNL
International Banking Facility,IBF
International Business Machines,IBM
International Depository Receipt,IDR
International Money Management System,IMMS
International Operations Chart Of Accounts,IOCA
International Securities Identification Number,ISIN
International Security Identification Number,ISIN
International Standards Organization,ISO
Internet,INTRNT
Internet Banking,IB
Internet Protocol,IP
Interpolate,IPLT
Intersect,INTRSCT
Intersection,INTRSCTN
Interval,INTRVL
Intervene,INTRVN
Interview,INTRVW
Interviewee,INTRVWEE
Interviewer,INTRVWR
Intra,INTRA
Intra Company,INTRACMPNY
Intra Day,INTRADY
Intra Legal Entity,INTRALGLENTY
Intracompany,INTRACMPNY
Intraday,INTRADY
Intranet,INTRANT
Intransit,INTRNST
Intrinsic,INTRNSC
Intuitive,INTUTV
Invalid,INVLD
Inventory,INVNTRY
Invest,INVST
Investigate,INVSTGT
Investigation,INVSTGTN
Investment,INVSTMNT
Investor,INVSTR
Investors,INVSTRS
Invitation,INVTN
Invite,INVT
Invoice,INVC
Invoiced,INVCD
Involve,INVLV
Involved,INVLVD
Involvement,INVLVMNT
Ios,IOS
Ip,IP
Ipad,IPAD
Ira,IRA
Irregular,IRRGLR
Irs,IRS
Isaac,ISAAC
Isin,ISIN
Islam,ISLAM
Islamic,ISLMC
Island,ISLAND
Isp,ISP
Iss,ISS
Issuance,ISSUNC
Issue,ISSUE
Issued,ISSUED
Issuer,ISSR
Issues,ISSUES
Item,ITEM
Items,ITMS
Iteration,ITRATN
Itsm,ITSM
Ivr,IVR
J,J
J.P. Morgan,JPM
J2ee,J2EE
January,JAN
Japan,JAPN
Japanese,JAPN
Java,JAVA
Java Database Connectivity,JDBC
Jdbc,JDBC
Jms,JMS
Job,JOB
Job Entry Subsystem 2,JES2
Joined,JOIND
Joint,JNT
Journal,JRNL
Journal Entry,JE
Jpmsi,JPMSI
Judgement,JDGMNT
Judgment,JDGMNT
Julian,JULN
July,JUL
Junction,JNCTN
June,JUN
Junior,JR
Junk,JUNK
Jurisdiction,JRSDCTN
Justification,JSTFCTN
Justify,JSTFY
K,K
Kappa,KAPPA
Keep,KEEP
Kernel,KRNL
Key,KEY
Keyboard,KBD
Keys,KEYS
Keyword,KEYWRD
Kill,KILL
Kilometer,KLMTR
Kiosk,KIOSK
Kit,KIT
Know,KNW
Know Your Customer,KYC
Knowledge,KNWLDG
Known,KNWN
Kyc,KYC
L,L
Label,LABL
Labeled,LABLD
Labor,LBR
Ladder,LDDR
Lading,LDNG
Lag,LAG
Lan,LAN
Land,LAND
Landed,LNDD
Landing,LNDNG
Lane,LANE
Language,LANG
Laptop,LPTOP
Large,LRG
Last,LAST
Last 12 Months,LTM
Last In First Out,LIFO
Last Year Current Period,LYCP
Late,LATE
Latency,LTNCY
Latitude,LAT
Launch,LNCH
Laundering,LNDRNG
Laundry,LNDRY
Law,LAW
Lawyer,LAWYR
Layer,LAYR
Layout,LAYOUT
Lc,LC
Lcm,LCM
Ldap,LDAP
Ldrs,LDRS
Lead,LEAD
Leader,LDR
Leadership,LDRSHP
Learn,LERN
Learning,LERNG
Lease,LSE
Lease Management System,LMS
Leasemaster,LSMSTR
Leasing,LSNG
Leave,LV
Leave Of Absence,LOA
Leaving,LVNG
Ledger,LDGR
Left,LEFT
Leg,LEG
Legacy,LEGCY
Legal,LGL
Legal Participant Identifier,LPID
Legend,LGND
Legislate,LGSLT
Legislation,LGSLTN
Legislative,LGSLTV
Lend,LEND
Lender,LENDR
Lending,LENDNG
Length,LNGTH
Less,LESS
Less Than,LT
Letter,LTR
Letter Of Credit,LC
Letter Of Intent,LOI
Letter Of Map Amendment,LOMA
Letter Of Map Revision,LOMR
Letterhead,LTRHD
Level,LVL
Level Of Service,LOS
Leverage,LEVRG
Levy,LEVY
Lexis,LXS
Liabilities,LBLTS
Liability,LBLTY
Liable,LBL
Libraries,LIBRS
Library,LIB
License,LIC
Lien,LIEN
Life,LIFE
Life Of Loan,LOL
Lifecycle,LCYC
Lifetime,LFTM
Liffe,LIFFE
Lift,LIFT
Light,LIGHT
Lightweight,LGHTWGHT
Lightweight Directory Access Protocol,LDAP
Like,LIKE
Limit,LMT
Limited,LTD
Line,LINE
Line Of Business,LOB
Line of Credit,LOC
Lineage,LINAG
Linear,LINR
Link,LNK
Linkage,LNKG
Linux,LINUX
Liquid,LQD
Liquidate,LQDT
Liquidation,LQDTN
Liquidity,LQDTY
List,LIST
Listed,LISTD
Literal,LTRL
Litigate,LTGT
Litigation,LTGTN
Live,LIVE
Living,LIVNG
Lms,LMS
Load,LOAD
Loan,LOAN
Loan Document Retrieval System,LDRS
Loan Equivalent Exposure,LEE
Loan Services By Others,LSBO
Loan Servicing Rule,LSRL
LoanIQ,LNIQ
Loans,LOANS
Lob,LOB
Lobby,LOBBY
Local,LCL
Local Area Network,LAN
Locale,LCLE
Locality,LCLTY
Locate,LOCT
Location,LOCTN
Locator,LOCTR
Lock,LOCK
Locked,LOCKD
Lodge,LODG
Lodging,LDGNG
Lodgment,LDGMT
Log,LOG
Logarithm,LOGRM
Logged,LOGD
Logging,LOGNG
Logic,LOGIC
Logical,LGCL
Logical Data Model,LDM
Logical Units,LUNS
Login,LOGIN
Logistic,LGSTC
Logistics,LGSTCS
Logo,LOGO
Logoff,LOGF
Logon,LOGON
Logout,LOGT
London,LON
London Interbank Bid Ratelibid,LIBID
London Interbank Mean Ratelimean,LIMEN
London Interbank Offered Ratelibor,LIBOR
Long,LNG
Long Term,LTRM
Long Term Capital Gain,LTCG
Long Term Disability,LTDIS
Longest,LNGST
Longevity,LNGVTY
Longitude,LONG
Look,LOOK
Lookback,LKBCK
Lookup,LOOKUP
Loose,LOOSE
Loss,LOSS
Lost,LOST
Lot,LOT
Low,LOW
Lower,LWR
Lowercase,LWRCS
Lowest,LWST
Loyal,LOYAL
Loyalty,LYLTY
Lpid,LPID
M,M
Mac,MAC
Machine,MCHN
Macro,MACRO
Mad,MAD
Made,MADE
Magazine,MGZN
Magic,MGC
Magnetic,MAG
Mail,MAIL
Mail Order,MAILO
Mailbox,MAILBX
Mailing,MLNG
Main,MAIN
Mainframe,MNFRM
Maintain,MAINTN
Maintained,MAINTND
Maintenance,MNTNC
Major,MJR
Majority,MA
Make,MAKE
Male,MALE
Mall,MALL
Man,MAN
Manage,MNG
Managed,MNGD
Management,MGMT
Management Account,MGAC
Management Information And Profit Analysis,MIPA
Manager,MNGR
Managing,MNGNG
Mandate,MNDT
Mandatory,MAND
Manifest,MNFST
Manifold,MNFLD
Manual,MANL
Manufacture,MNFCTR
Manufactured,MNFCTRD
Manufacturer,MNFCTRR
Manufacturer Suggested Retail Price,MSRP
Map,MAP
Mapping,MAPPNG
Mapr,MAPR
Mapreduce,MPRDC
Maps,MAPS
March,MAR
Margin,MARGN
Marital,MRTL
Mark,MARK
Mark To Market,MMKT
Markdown,MRKDWN
Marked,MARKD
Marked To Market,MMKT
Marker,MRKR
Market,MKT
Market Analysis,MKAL
Market Commentary,MKCM
Market Price,MKPR
Market Sector,MKSR
Marketable,MKTABL
Marketing,MKTG
Marketing Promotion,MKPM
Markets,MRKTS
Markup,MU
Marriage,MRRG
Mart,MART
Mask,MASK
Mass,MASS
Master,MSTR
Master Data Management,MDM
Master Loan Identification,ILMAST
Mastercard,MC
Mastercard Brand,MC
Match,MTCH
Match Book,MCBK
Matched,MTCHD
Material,MATRL
Materialized,MATRLZD
Matif,MATIF
Matrix,MTRX
Mature,MTUR
Matures,MTURS
Maturity,MTURTY
Maturity Band,MTBN
Maximum,MAX
May,MAY
Mdm,MDM
Meal,MEAL
Mean,MEAN
Meaning,MEANNG
Measure,MEAS
Measurement,MSRMNT
Mechanical,MECH
Mechanism,MECHNSM
Media,MEDIA
Median,MEDIAN
Medical,MDCL
Medicine,MDCN
Medium,MEDM
Medium Term,MTRM
Meet,MEET
Meeting,MTG
Meetings,MTGS
Mega,MEGA
Mei,MEI
Member,MEMBR
Membership,MBRSHP
Memo,MEMO
Memorandum,MEMO
Memory,MMRY
Men,MEN
Mention,MENTN
Mentioned,MNTND
Mentor,MENTR
Menu,MENU
Merc,MERC
Merc Exclusive Senior Acct,MESA
Merc Investment Services,MISI
Mercantile,MRCNTL
Merchandise,MDSE
Merchant,MERCH
Merchant Activity Type,MAT
Merge,MERG
Merger,MRGR
Mergers,MRGRS
Message,MSG
Messaging,MSGNG
Meta,META
Metadata,METADTA
Metal,MTL
Metal Account Transfer,MACX
Metal Future,MFTR
Meter,METR
Method,MTHD
Methodology,MTHDLGY
Metre,METR
Metric,MTRC
Metrics,MTRCS
Metro,METRO
Metropolitan,METRO
Mexican,MEXCN
Micr,MICR
Micro,MICRO
Microfilm,FCHE
Micropurchase,MCRPRCHS
Microsoft,MS
Mid,MID
Mid Term Capital Gain,MTCG
Middle,MID
Middleware,MIDLWR
Midwest,MDWST
Migrate,MGRT
Migration,MGRTN
Mikuni,MKUNI
Mile,MILE
Mileage,MILG
Milestone,MILSTN
Military,MLTRY
Millenium,MLLNUM
Millimeter,MILMTR
Million,MIL
Millisecond,MILSEC
Mini,MINI
Miniature,MINI
Minimize,MINMZ
Minimum,MINM
Minneapolis,MPLS
Minnesota,MN
Minor,MNR
Minority,MNRTY
Minority Women Owned Business,MWOB
Minus,MINUS
Minute,MIN
Minutes,MINS
Miscellaneous,MISC
Mismatch,MISM
Miss,MISS
Missed,MISSD
Missing,MISSNG
Mission,MSSN
Misuse,MSUSE
Mitigate,MTGT
Mitigation,MTGTN
Mix,MX
Mixed,MXD
Mlt,MLT
Mnemonic,MNEM
Mobile,MBILE
Mobile Device Management,MDM
Mode,MODE
Model,MDL
Modeling,MDLNG
Models,MDLS
Modem,MODEM
Modification,MOD
Modified,MDFD
Modifier,MDFR
Modify,MDFY
Module,MDLE
Monday,MON
Monetary,MONTRY
Money,MNY
Money Market,MM
Money Market Broker,MMBR
Money Market Fund,MMF
Money Service Business,MSB
Moneypass,MNYPSS
Moneystation,MNYSTTN
Mongo,MONGO
Monitor,MNTR
Monitoring,MNTRNG
Month,MNTH
Month End,MOEND
Month to Month,M2M
Monthly,MNTHLY
Monthly Early Warning System,MEWS
Months,MNTHS
Moodys,MOODY
Morcom,MCM
More,MORE
Morgan,MRGN
Morgan Data Transfer,MDX
Morgan Guaranty Limited,MGL
Morgan Guaranty Trust,MGT
Morgan Guaranty Trust New York Parent,MGTPT
Morgan Securities Services Corporation,MISSC
Morning,MORNG
Mortar,MORTR
Mortgage,MORT
Mortgage Back Pool,MBP
Mortgage Backed Security,MBS
Mortgage Electronic Registration System,MERS
Mortgage Revenue Bond,MRB
Mortgage Servicing Package,MSP
Mortgagor,MRTGR
Most,MOST
Motivation,MTVTN
Motivator,MTVTR
Motive,MTV
Mountain,MOUNTN
Mountain Standard Time,MST
Move,MOVE
Moveable,MVBL
Movement,MVMNT
Movie,MOVIE
Mq,MQ
Msp,MSP
Mst,MST
Multi,MULTI
Multi Function Device,MFD
Multinational,MLTNTNL
Multiple,MULT
Multiplier,MLTPLR
Multiply,MTPLY
Multipurpose,MLTPRPSE
Multipurpose Internet Mail Extensions,MIME
Municipal,MUNI
Music,MUSC
Must,MUST
Mute,MUTE
Mutual,MUTL
N,N
Naked,NAKD
Name,NM
Names,NMS
Narrative,NARR
Nas,NAS
Nation,NATN
National,NATNL
National Association Of Securities Dealers,NASD
National Association Of Securities Dealers Quotation System,NASDQ
National Corporate Cash Management Association,NCCMA
National Flood Insurance Program,NFIP
National Securities Clearing Corporation,NSCC
Nationality,NATNLTY
Nations,NATNS
Native,NATV
Nature,NATR
Navigate,NVGT
Navigation,NVGTN
Near,NR
Need,NEED
Negative,NEG
Negotiable,NOGTBL
Negotiable Order For Withdrawal,NOFW
Negotiate,NOGTIAT
Net,NET
Net Asset Value,NAV
Net Charge Off,NCO
Net Lease Receivable,NLR
Net Present Value,NPV
Net Worth,NTWRTH
Nett,NETT
Netting,NETTNG
Network,NTWRK
Network Attached Storage,NAS
Networking,NTWRKNG
New,NEW
New York,NY
New York City,NYC
New York Profitability System,NYPS
New York Stock Exchange,NYSE
Newer,NEWR
Newest,NEWST
News,NEWS
Newsletter,NWLTR
Next,NEXT
Next Best Action,NBA
Next Business Day,NBD
Nick,NCK
Nickname,NCKNM
Night,NIGHT
Nights,NGHTS
Nine,9
Nineteen,19
No,NO
No Load Mutual Fund,NLMF
Node,NODE
Nominal,NOM
Nominee,NMNE
Non,NON
Non Accrual,NACCR
Non Affiliated,NAFFLTD
Non Bank,NBK
Non Critical,NCRTCL
Non Functional,NFUNCTNL
Non Functional Requirements,NFR
Non Income,NINCM
Non Interest,NINT
Non Interest Bearing,NBEAR
Non Liquid,NLQD
Non Market,NMKT
Non Monetary,NMNTRY
Non Moveable,NMOVE
Non Performing,NPERF
Non Performing Assets,NPA
Non Public,NPBLC
Non Regulation E,NREGE
Non Resident,NRSDNT
Non Resident Alien,NRA
Non Sufficient Funds,NSF
Non Syndicate,NSYND
Non Term,NTERM
Non Working Day,NWD
Non Yield,NYLD
Nonaccrual,NACCR
None,NONE
Noninterest,NINT
Nonliquid,NLQD
Nonperforming,NPERF
Nonpublic,NPBLC
Nonresident,NRSDNT
Nonstandard,NSTD
Non-stop,NONSTP
Normal,NORM
North,NRTH
North America Industry Classification System,NAICS
North American Industry Classification System,NAICS
Nosql,NOSQL
Nostro,NTRO
Not,NOT
Not Applicable,NA
Not On File,NOF
Not Reported,NRPT
Not Tangible,NTANG
Not This Month,NTM
Not This Quarter,NTQ
Not This Year,NTY
Notation,NOTN
Note,NOTE
Notebook,NTBK
Notes,NOTES
Nothing,NTHING
Notice,NTC
Notification,NTFCTN
Notify,NTFY
Notional,NOTL
Novation,NOVT
November,NOV
Now,NOW
Nscc,NSCC
Null,NULL
Nullability,NULLBLTY
Nullable,NULLBL
Number,NBR
Numbers,NBRS
Numeral,NMRL
Numerator,NMRTR
Numeric,NMRC
O,O
Oam,OAM
Obc,OBC
Object,OBJCT
Objecting,OBJCTNG
Objective,OBJCTV
Obligate,OBLGT
Obligation,OBLGTN
Obligator,OBLGTR
Oblige,OBLG
Obligor,OBLGR
Observation,OBSRVTN
Observe,OBSRV
Obsolete,OBS
Occupance,OCCPNC
Occupancy,OCCPNCY
Occupant,OCCPNT
Occupation,OCCPTN
Occupied,OCCPD
Occupy,OCCPY
Occur,OCCR
Occurred,OCCRD
Occurrence,OCCRNC
Occurs,OCCRS
October,OCT
Odd,ODD
Odd Lot,ODL
Odometer,ODMTR
Ods,ODS
Of,OF
Off,OFF
Offer,OFFER
Offered,OFFRD
Offering,OFFRNG
Office,OFFC
Office Of Foreign Assets Control,OFAC
Office of the Comptroller of the Currency,OCC
Officer,OFFCR
Official,OFICL
Offline,OFFLN
Offpeak,OFFPK
Offset,OFFST
Olap,OLAP
Olathe Business Center,OBC
Olb,OLB
Old,OLD
Oldest,OLDST
Oltp,OLTP
Omit,OMIT
Omni,OMNI
Omnibus,OMNIBS
Omnichannel,OMNICHNL
On,ON
On Account,OA
On Line,ONLN
On Line Status Display,OLSD
On Us,ONUS
One,1
One Time,ONT
Ongoing,ONGNG
Ongoing Maintenance,OGM
Online,ONLN
Online Banking,OLB
Online Status Display,OLSD
Only,ONLY
Open,OPEN
Open Source Software,OSS
Opened,OPND
Opening,OPNNG
Operand,OPRND
Operating,OPRTNG
Operating Company,OPCO
Operating System,OS
Operation,OPRTN
Operational,OPRTNL
Operational Data Store,ODS
Operations,OPS
Operations Service Revenue System,OSRS
Operative,OPRTV
Operator,OPRTR
Opinion,OPIN
Opportunity,OPPRTNTY
Opt,OPT
Optical,OPTCL
Optimal,OPTML
Optimization,OPTMZTN
Optimize,OPTMZ
Option,OPTN
Option Margin Agreement,OMAG
Optional,OPTNL
Or,OR
Oracle,ORACLE
Oracle Access Manager,OAM
Oracle Financial Services Analytical Application,OFSAA
Oracle Service Bus,OSB
Orange,ORNG
Order,ORD
Order Out,OO
Ordered,ORDD
Ordinal,ORDNL
Organic,ORGNC
Organization,ORG
Organizational,ORGNZTNL
Organizational Unit,OU
Orient,ORNT
Orientation,ORNTN
Oriented,ORNTD
Origin,ORGN
Original,ORIG
Original Issue Discount,OID
Original Issues Discount,OID
Original Margin,OM
Originate,ORGNT
Origination,ORGNTN
Originator,ORGNTR
Orion,ORION
Osb,OSB
Oss,OSS
Other,OTHER
Other Loans Especially Mentioned,OLEM
Other Party,OPTY
Ounce,OZ
Ounce Equivalent,OZE
Out,OUT
Out Of Bounds Process,OBP
Out Of Bounds Processing,OBP
Out of Stock,OOS
Outage,OUTG
Outbound,OTBND
Outgoing,OUTGNG
Outlay,OUTLY
Outlet,OUTLT
Output,OTPT
Outright,OUTRT
Outside,OSD
Outsource,OUTSRC
Outstanding,OTSTNDNG
Outstanding Balance,OSBAL
Outstanding Cash,OCSH
Outstanding Metal,OMTL
Outstanding Trade,OSTRD
Outstandings,OTSTNDNGS
Over,OVER
Over Draft,OD
Over Draft Protection,ODP
Over Limit,OL
Over The Counter,OTC
Overage,OVGE
Overall,OVRALL
Overdraft,OD
Overdraft Interest Family,ODI
Overdraft Reporting Family,ODR
Overdrawn,OVRDRWN
Overflow,OVRFLW
Overflow Sequential Access Method,OSAM
Overhead,OVRHD
Overlap,OVRLAP
Overnight,OVRNGHT
Override,OVRD
Overseas,OVRSEAS
Overseas Duty,OSDY
Overship,OVRSHP
Oversight,OVRSGHT
Overtime,OVRTM
Overview,OVRVW
Own,OWN
Owned,OWND
Owner,OWNR
Owners,OWNRS
Ownership,OWNRSHP
Owning,OWNG
P,P
Pacific,PACFC
Pacific Standard Time,PST
Pack,PACK
Package,PKG
Packet,PCKT
Packing,PACKNG
Pad,PAD
Page,PG
Pager,PAGER
Pages,PAGES
Paid,PAID
Paid In Full,PIF
Pair,PAIR
Pallet,PLLT
Panel,PANEL
Panel Of Takeovers And Mergers,PTM
Paper,PPR
Paper Check,CHK
Paperless,PPRLSS
Paperwork,PAPRWRK
Par,PAR
Paragraph,PRGRPH
Parallel,PARALL
Parameter,PARM
Parcel,PARCL
Parent,PRNT
Parity,PRITY
Parking,PRKNG
Pars,PARS
Parsing,PARSNG
Part,PART
Part Paid,PTPD
Part Time,PRTM
Partial,PARTL
Participant,PRTCPNT
Participate,PRTCPT
Participating,PRTCPTNG
Participation,PRTCPTN
Parties,PRTES
Partimer,PRTTMR
Partition,PARTN
Partner,PRTNR
Partnership,PRTNRSHP
Party,PARTY
Pas,PAS
Pass,PASS
Passenger,PSNGR
Passive,PASSV
Passport,PSSPRT
Password,PWD
Past,PAST
Past Due,PSTDU
Paste,PASTE
Patch,PATCH
Patching,PATCHNG
Path,PATH
Pattern,PTTRN
Pay,PAY
Payable,PYBL
Payback,PYBK
Payback Period,PYBKPRD
Payday,PYDY
Paydex,PAYDEX
Paydown,PYDN
Payee,PAYEE
Payer,PAYR
Paying,PAYNG
Payment,PMT
Payment Card Industry,PCI
Payments,PYMNTS
Payoff,PAYOFF
Payout,PAYOT
Payroll,PYRL
Pc Ach Direct,PCACHD
Pci,PCI
Pdr,PDR
Peak,PEAK
Penal,PENL
Penalize,PNLZ
Penalty,PNLTY
Pending,PNDNG
Penny,PENNY
Pension,PENSN
People,PPL
PeopleFluent,PPLFLNT
Peoplesoft,PPLSFT
Per,PER
Per Day,PRDY
Per Diem,PRDIEM
Per Hour,PHR
Per Month,PRMTH
Per Unit,PUN
Per Week,PWK
Per Year,PYR
Perceive,PERCV
Percent,PCT
Percentage,PCT
Percentile,PCTNTIL
Perform,PRFRM
Performance,PRFRMNC
Performer,PRFRMR
Performing,PRFRMNG
Period,PRD
Periodic,PRDC
Peripheral,PERPHRL
Permanent,PRMNT
Permission,PRMSSN
Permit,PERMT
Perpetual,PRPTL
Perpetuity,PRPTY
Person,PRSN
Person To Person,P2P
Personal,PRSNL
Personal Computer,PC
Personal Identification Number,PIN
Personalization,PRSNLZTN
Personalize,PRSNLZ
Personally Identifiable Information,PII
Personnel,PRSNNL
Pertinent,PRTNNT
Pfam,PFAM
Phase,PHS
Phone,PHN
Photo,PHOTO
Photograph,PHOTO
Physical,PHYS
Physical Data Model,PDM
Physical Metal Option,PMOP
Physician,PHYSCN
Pick,PICK
Picking,PICKNG
Pickup,PCKUP
Picture,PIC
Piece,PIECE
Pieces,PIECES
Pig,PIG
Pii,PII
Pilot,PILOT
Pin,PIN
Pink,PINK
Pipeline,PIPLN
Place,PLC
Placed,PLCD
Placeholder,PLCHLDR
Placement,PLCMT
Plan,PLAN
Planned,PLNND
Planned Unit Development,PUD
Planner,PLNR
Planning,PLNNG
Plant,PLNT
Plastic,PLSTC
Plate,PLT
Platform,PLTFM
Platinum,PLTNM
Play,PLAY
Pledge,PLDG
Pledged,PLGD
Plug,PLUG
Plugin,PLUGN
Plus,PLUS
Point,PNT
Point of Sale,POS
Pointer,PNTR
Points,PNTS
Policies,POLCS
Policy,POLCY
Poll,POLL
Polling,POLNG
Pool,POOL
Poor,POOR
Popular,POPULR
Population,POP
Port,PORT
Portability,PORTBLTY
Portable,PORTBL
Portal,PORTL
Portfolio,PRTFL
Portfolio Management System,PMS
Portfolio Risk Analyst,PRA
Position,PSTN
Positive,POSITV
Possess,POSS
Possession,POSSN
Possessor,POSSR
Post,POST
Postage,PSTG
Postal,PSTL
Postcard,PSTCRD
Posted,PSTD
Posting,POSTNG
Postmark,PSTMRK
Pot,POT
Potential,PTNTL
Pound,POUND
Poverty,PVRTY
Power,PWR
Power Of Attorney,POA
Power Track,PWRTRK
Powerdesigner,PD
Powerpoint,PWRPNT
Powertrack,PWRTRK
Ppv,PPV
Practice,PRCTC
Praecipium,PRAE
Pre,PRE
Pre Monthly,PRMNTH
Preadjusted,PADJ
Preauthorize,PREAUTH
Precede,PRECD
Preceding,PREDNG
Precious,PRECS
Precision,PRCSN
Precomputer,PRCMPTD
Predecessor,PRDCSSR
Predefine,PREDFN
Predefined,PREDFND
Predict,PRDICT
Prediction,PRDICTN
Prefer,PREF
Preference,PRFRNC
Preferences,PRFRNC
Preferred,PRFRRD
Prefill,PREFL
Prefix,PRFX
Prefund,PFUND
Preliminary,PRLMNRY
Premier,PRMR
Premise,PREMS
Premises,PREMSS
Premium,PRM
Prepaid,PRPD
Preparation,PREPN
Prepare,PRPR
Preparer,PRPRR
Prepay,PRPY
Prepayment,PRPYMNT
Preregistration,PRERGST
Prerequisite,PREQ
Presale,PRESL
Prescreen,PRESCRN
Presence,PRSNC
Present,PRSNT
Present Value,PV
Presentation,PRSNTATN
Press,PRESS
Prevent,PREVNT
Preview,PREVW
Previous,PREV
Previous Analysis Cycle,PAC
Previous Business Day,PBD
Previous Cycle,PCYCL
Previous Period,PPRD
Previous Statement,PSTMT
Price,PRC
Price Agreement,PA
Price Earnings Ratio,PE
Price Forecast,PRFC
Price Plan,PRCPLN
Price To Value,PTV
Pricing,PRCNG
Primary,PRMRY
Primary Account Number,PAN
Primary Care Physician,PCPHYS
Primary Care Provider,PCPRVDR
Primary Credit Responsibility,PCR
Primary Key,PK
Prime,PRIME
Principal,PRNCPL
Principal And Interest,PI
Principal Interest Taxes And Insurance,PITI
Principal Interest Taxes Insurance,PITI
Principal Paying Agency,PPA
Principal Paying Agent,PPA
Principal To Principal,PTP
Principle,PRNCPL
Print,PRINT
Printer,PRINTR
Printing,PRINTNG
Prior,PRIOR
Prior Cycle,PCYC
Prior Period,PPRD
Prior Year,PRYR
Priority,PRRTY
Private,PRVT
Privilege,PRVLG
Pro,PRO
Probability,PROBBLTY
Probable,PRBL
Problem,PRBLM
Procedure,PROC
Procedures,PRCDRS
Proceed,PRCD
Proceeding,PRCDNG
Proceeds,PRCDS
Process,PRCS
Process Activation And Message Support,PAMS
Processed,PRCSD
Processing,PRCSNG
Processor,PRCSR
Procure,PROCR
Procurement,PROCRMNT
Produced,PRDCD
Producer,PRDCR
Product,PRDCT
Product Agreement,PDAG
Product Structure,PSTR
Product Transaction,PDTN
Production,PROD
Productive,PRODCTV
Productivity,PRODCTVTY
Profession,PRFSN
Professional,PRFSNL
Profile,PRFL
Profit,PRFT
Profit And Loss,PL
Profit Sharing,PTSH
Profitability,PRFTBLTY
Profitability Reporting Strategy,PRS
Program,PRGRM
Programming,PRGRMMNG
Progress,PRGS
Progressive,PRGSV
Prohibit,PRHBT
Project,PROJ
Project Manager,PM
Project Workbench,PWB
Project Workbench System,PWB
Projected,PRJCTD
Promise,PRMS
Promisee,PRMSE
Promisor,PRMSR
Promissee,PRMSE
Promissor,PRMSR
Promissory,PRMSRY
Promote,PRMT
Promotion,PRMTN
Prompt,PRMPT
Proof,PROOF
Proofsheet,PRFSH
Propensity,PRPNSTY
Propensity To Buy,PTB
Property,PRPRTY
Proposal,PRPSL
Propose,PRPS
Proposed,PRPSD
Proprietary,PRPRTRY
Prorata,PRRTA
Prorate,PRORT
Prorated,PRORTD
Prospect,PRSPCT
Prospective,PRSPCTV
Prospectus,PRSPCTS
Protect,PROT
Protection,PRTCTN
Protocol,PRTCL
Prototype,PRTOTYP
Provide,PRVD
Provided,PRVDD
Provider,PRVDR
Province,PROV
Provision,PRVSN
Provisional,PRVSNL
Proxy,PRXY
Pseudonym,PSEUD
Psycle,PSYCLE
Public,PBLC
Publication,PBLCTN
Publish,PBLSH
Publisher,PBLSHR
Puerto Rican,PRTORCN
Puerto Rico,PR
Punch,PNCH
Purchase,PRCHS
Purchase Order,PO
Purchase Volume Bonus,PVB
Purchasing,PRCHSNG
Pure,PURE
Purge,PRG
Purged,PRGD
Purple,PRPL
Purpose,PRPSE
Purpose Position,PPPN
Pursuit,PURST
Push,PUSH
Put,PUT
Put Call,PCL
Pvc,PVC
Q,Q
Qa,QA
Quad,QUAD
Quadrant,QUADRNT
Qual,QUAL
Qualification,QUALFCTN
Qualifications,QUALFCTNS
Qualifier,QLFR
Qualifile,QLIFILE
Qualify,QLFY
Qualifying,QLFYNG
Quality,QLTY
Quality Assurance,QA
Quality Control,QC
Quantity,QTY
Quarter,QTR
Quarter Century Club,QCC
Quarterly,QTRLY
Quarterly Planning Report,QPR
Quartile,QRTL
Quasi,QUASI
Query,QRY
Query Management Facility,QMF
Question,QSTN
Questionnaire,QSTNR
Questions,QSTNS
Queue,QUE
Queuing,QUENG
Quick,QUICK
Quit,QUIT
Quiz,QUIZ
Quotation,QUOTTN
Quote,QT
R,R
Race,RACE
Racf,RACF
Rack,RACK
Radio,RADIO
Railroad,RR
Rain,RAIN
Raise,RSE
Random,RNDM
Random Access Memory,RAM
Range,RNG
Rank,RANK
Rapid,RAPID
Rate,RT
Rated,RTED
Ratelibid,RTLBD
Ratelibor,RTLBR
Ratelimean,RTLMN
Rating,RATNG
Ratio,RATIO
Ration,RATN
Rationale,RATNL
Raw,RAW
Re,RE
Re Derivation,RDRV
Re Transmission,RTRNMSN
Re Transmit,RTRNSMT
React,REACT
Reaction,RCTN
Reactivate,REACTVT
Reactivation,REACTVTN
Reactive,REACTV
Read,READ
Readiness,READNSS
Ready,READY
Reage,REAGE
Real,REAL
Real Estate Owned,REO
Real Estate Settlement Procedures Act,RESPA
Realise,RLS
Realize,RLZ
Realized,RLZD
Reallocate,RALCT
Reallocation,RALCTN
Realm,REALM
Reamortization,REAMORT
Reapproval,RAPPRVL
Reason,RSN
Reassign,RASSGN
Rebate,RBTE
Rebuild,REBLD
Recalculate,RCLCT
Recall,RECALL
Recapture,RECPTR
Recast,RECAST
Receipt,RECPT
Receipts,RECPTS
Receivable,RCVBL
Receive,RCV
Receive Versus Payment,RVP
Received,RCVD
Receiver,RCVR
Receiving,RCVNG
Recent,RCNT
Recertification,RCRTFCTN
Recipient,RCPNT
Reciprocal,RECPRCL
Reciprocate,RECPRCT
Reclass,RECLASS
Reclassification,RECLASS
Reclassify,RECLASS
Recognition,RCGNTN
Recognize,RCGNZ
Recognized,RCGNZD
Recommend,RCMND
Recommended,RCMNDD
Recompute,RCMPT
Reconcile,RECNCL
Reconciliation,RECNCLN
Recondition,RCNDTN
Reconfirm,RCNFRM
Record,REC
Recorded,RECRDD
Recording,RECRDNG
Recordkeeping,RECRDKPNG
Recount,RECNT
Recourse,RCRS
Recover,RCOVR
Recovered,RCOVRD
Recoveries,RCOVRS
Recovery,RCOVRY
Recovery Management System,RMS
Recovery Point Objective,RPO
Recovery Time Objective,RTO
Recreation,RCRTN
Recruit,RCRT
Recruiting,RCRTNG
Recruitment,RCRTMNT
Recuperate,RECUPRT
Recur,RECUR
Recurrence,RECURNC
Recurring,RCRNG
Recursive,RCRSV
Recycle,RECYCL
Red,RED
Red Hat,REDHT
Redeem,REDM
Redemption,RDMPTN
Redeposit,RDEP
Redo,REDO
Reduce,REDC
Reduction,RDCTN
Redundancy,REDNDNCY
Redundant,REDNDNT
Refer,REFER
Reference,RFRNC
Referential Integrity,RI
Referral,REFRRL
Referred,REFRRD
Referred Business,RFBU
Referring,RFRNG
Reform,RFRM
Refresh,RFRSH
Refreshed,RFRSHD
Refund,RFND
Refunded,RFNDD
Refurbish,RFRBSH
Refuse,REFUSE
Regard,RGRD
Regarding,RGRDNG
Region,RGN
Regional,RGNL
Register,RGSTR
Registered,RGSTRD
Registration,RGSTRTN
Regress,RGRSS
Regression,RGRSSN
Regular,RGLR
Regulation,RGLTN
Regulation E,REGE
Regulatory,RGLTRY
Regulatory Authority,RGAU
Regulatory Exam,REGEXM
Rehire,RHIRE
Reimbursable,RMBRSBL
Reimburse,RMBRS
Reimbursement,RMBRSMNT
Reinvest,RNVST
Reinvestment,RNVSTMNT
Reissue,REISSUE
Reissuere,REISSURE
Reit,REIT
Reject,RJCT
Rejection,RJCTN
Rekey,REKEY
Relate,RLT
Related,RLTD
Relation,RLTN
Relational,RLTNL
Relational Database Management System,RDBMS
Relations,RLTNS
Relationship,RLTNSHP
Relationship Profitability Management,RPM
Relative,RLTV
Release,RELS
Relevant,RLVNT
Reliability,RLBLTY
Reliable,RLBL
Relief,RELF
Relocate,RLCT
Relocation,RLCTN
Rely,RELY
Remain,REMN
Remainder,RMNDR
Remaining,RMNNG
Remark,RMK
Remarks,RMKS
Remediate,RMDT
Remediation,RMDTN
Remember,REMMBR
Reminder,RMINDR
Remit,REMIT
Remittance,RMTNC
Remodel,REMDL
Remote,RMT
Removal,RMOVL
Remove,RMOV
Removed,RMOVD
Renegotiate,RNGTE
Renegotiation,RNGTN
Renew,RNEW
Renewal,RNEWL
Renewed,RNEWD
Rent,RENT
Rental,RNTL
Rented,RNTD
Renter,RNTR
Renumerate,RNMRT
Renumeration,RNMRTN
Reopen,ROPN
Reorder,RERDR
Reorder Level,ROL
Reorder Quantity,ROQ
Reorganization,REORG
Reorganize,REORG
Repair,RPAIR
Repay,RPY
Repayment,RPYMNT
Repeat,RPET
Repeating,RPETNG
Repetitive,RPETTV
Replace,RPLC
Replaced,RPLCD
Replacement,RPLCMNT
Replay,RPLAY
Replenish,RPLNSH
Replenishment,RPLNSHMNT
Replica,RPLCA
Replicate,RPLCAT
Replication,RPLCATN
Reply,REPLY
Repo,REPO
Report,RPT
Reported,RPTD
Reporting,RPTNG
Reporting Point,RPTNGPT
Reporting Unit,RU
Repository,REPOSTRY
Repossess,REPO
Repossession,REPOSN
Repossessor,REPOSR
Repost,REPOST
Represent,RPRSNT
Representation,RPRSNTN
Representative,RPRSNTV
Reprice,REPRC
Repricing,REPRCNG
Reprint,RPRNT
Reprocess,RPRCS
Repurchase,RPRCHS
Request,RQST
Requested,RQSTD
Requester,RQSTR
Requestor,RQSTR
Require,RQR
Required,RQRD
Requirement,RQRMNT
Requirements,RQRMNTS
Requisition,REQSTN
Requisitioner,REQSTNR
Resale,RSL
Reschedule,RSCHD
Rescinded,RSCND
Rescission,RSCSN
Research,RSRCH
Reservation,RSRVTN
Reserve,RSRV
Reserve Line,RSRVLN
Reserve Requirement,RSVRQ
Reserved,RSVD
ReserveLine,RSRVLN
Reset,RESET
Reship,RSHIP
Residence,RSDNC
Resident,RSDNT
Residential,RSDNTL
Residual,RSDL
Residue,RSD
Resign,RSGN
Resignation,RSGNTN
Resilient,RESLNT
Resolution,RSLTN
Resolve,RSLV
Resolved,RSLVD
Resource,RSRC
Resources,RSRCS
Respond,RESPND
Respondent,RESPNDNT
Responder,RESPNDR
Response,RSPNS
Responsibility,RESPNSBLTY
Responsibility Center Number,RCN
Responsible,RESPNSBL
Rest,REST
Restart,RSTRT
Restful,RESTFL
Restitution,RESTTUTN
Restock,RSTCK
Restrain,RSTRN
Restrict,RSTRCT
Restricted,RSTRCTD
Restriction,RSTRCTN
Restructure,RSTRCTR
Restructured Loan Program,RLP
Result,RSLT
Results,RSLTS
Resume,RSME
Retail,RTL
Retail Price Index,RPI
Retailer,RTLR
Retain,RETN
Retained,RETND
Retained Earnings,RERN
Retention,RETNTN
Retire,RETR
Retired,RETRD
Retirement,RTRMNT
Retouch,RETCH
Retransmission,RTRNMSN
Retransmit,RTRNSMT
Retrieval,RTRVL
Retrieve,RETRV
Retroactive,RETRCTV
Retrofit,RTRFIT
Retry,RETRY
Return,RTRN
Return On Equity,ROE
Return On Investment,ROI
Return On Principal,ROP
Return On Sales,ROS
Returned,RTRND
Returned Deposit Items,RDI
Reuse,REUSE
Revaluation,RVLTN
Revalue,RVAL
Revenue,REVN
Reversal,RVRSL
Reverse,RVRS
Reverse Repo,RREPO
Reverse Repurchase,RRPRCHS
Review,REVW
Reviewer,REVWR
Revise,RVIS
Revised,RVISD
Revision,RVISN
Revocability,RVCBLTY
Revocable,RVCBL
Revoke,RVK
Revolve,RVLV
Revolver,RVLVR
Revolving,RVLVNG
Revolving Account,RA
Reward,RWRD
Rewards,RWRDS
Rework,RWRK
Right,RGHT
Rights,RGHTS
Ring,RING
Risk,RISK
Riskless,RSKLS
Road,ROAD
Roadmap,RDMAP
Roam,ROAM
Role,ROLE
Roll,ROLL
Rollback,RLLBCK
Rolling,RLLNG
Rolling Annual Period,RAP
Rolling Monthly Period,RMP
Rolling Quarter,RQ
Rolling Weekly Period,RWP
Rolling Year,RY
Rollout,RLLOT
Rollover,RLOVR
Rollup,RLLUP
Rolodex,ROLDX
Roof,ROOF
Room,ROOM
Root,ROOT
Rotate,ROTAT
Rotation,ROTATN
Round,RND
Rounding,RNDNG
Route,RTE
Routed,ROTD
Router,ROTR
Routine,ROUTINE
Routing,ROUTNG
Row,ROW
Royalty,ROYLTY
Rps,RPS
Rssd,RSSD
Rule,RULE
Rules,RULES
Run,RUN
Running,RNNG
Rush,RUSH
S,S
Sad,SAD
Safe,SAFE
Safekeeping,SAFKPNG
Safety,SAFTY
Sag,SAG
Salability,SALBLTY
Salary,SAL
Sale,SALE
Sales,SLS
Sales Representative,SLSREP
Salesman,SLSMN
Salesperson,SLSPRSN
Salutation,SALUTN
Salvage,SLVG
Sametime,SMTM
Sample,SAMPL
Samples,SAMPLS
San,SAN
Sap,SAP
Sarbanes Oxley,SOX
Sas,SAS
Satellite,SATLIT
Satisfaction,SATSFCTN
Satisfactory,SATSFCTRY
Satisfy,STSFY
Saturday,SAT
Save,SAVE
Saving,SVNG
Savings,SVNGS
Sblc,SBLC
Scalability,SCALBLTY
Scale,SCAL
Scan,SCAN
Scanned,SCAND
Scanner,SCANR
Scanning,SCANNG
Scenario,SCENRIO
Scene,SCEN
Schedule,SCHDL
Scheduled,SCHDLD
Scheduler,SCHDLR
Scheduling,SCHDLNG
Schema,SCHEMA
Schematic,SCHEMTC
Scheme,SCHEM
School,SCHL
Science,SCNC
Scope,SCOP
Score,SCR
Score Card,SCRCRD
Scorecard,SCRCRD
Scored,SCRD
Scoring,SCRNG
Scp,SCP
Scrap,SCRP
Scratch,SCRTCH
Screen,SCRN
Script,SCRIPT
Scrub,SCRUB
Scrubber,SCRUBR
Sdk,SDK
Seal,SEAL
Search,SRCH
Searchspace,SRCHSPC
Season,SEASN
Seasonal,SEASNL
Sec,SEC
Second,SCND
Second Half,2HLF
Second Quarter,2QTR
Secondary,SCNDRY
Secondary Cash Account,SCA
Secondary Marketing System,SMS
Secret,SCRT
Section,SECTN
Sections,SECTNS
Sector,SCTR
Secure,SCUR
Secured,SCURD
Securely,SCURLY
Securities,SCRTS
Securities And Rates Analysis,SARA
Securities And Rates Analysis System,SARA
Securities Trading And Reporting System,STARS
Securitization,SECURE
Security,SCRTY
Security And Exchange Commission,SEC
Seed,SEED
Segment,SEG
Segmentation,SEGMNTTN
Segregate,SGRG
Segregation,SGRGTN
Select,SEL
Selection,SELCTN
Self,SELF
Sell,SELL
Sellable,SELBL
Selldown,SELLDWN
Seller,SLLR
Selling,SLLNG
Seminar,SMNR
Send,SEND
Sender,SNDR
Sending,SNDNG
Senior,SNR
Seniority,SNRITY
Sense,SNS
Sensitive,SNSTV
Sensitive Credit Meeting,SCM
Sensitivity,SNSTVTY
Sensor,SNSOR
Sent,SENT
Sentence,SNTNC
Sentiment,SNTMNT
Separate,SEPRAT
Separation,SEPRATN
Separator,SEPRATR
September,SEP
Sequel,SEQL
Sequence,SEQ
Sequential,SEQNTL
Serial,SER
Serialized,SERLIZD
Series,SERS
Seriously,SRSLY
Serve,SRVE
Served,SRVED
Server,SRVR
Service,SRVC
Service Bureau,SVCBU
Service Continuity Plan,SCP
Service Level Agreement,SLA
Service Now,SRVC_NW
Serviced,SRVCD
Servicer,SRVCR
Services,SRVCS
Servicing,SRVCNG
Servlet,SRVLT
Session,SESN
Set,SET
Setting,SETTNG
Settings,SETTNGS
Settle,SETL
Settled,SETLD
Settlement,SETLMNT
Setup,STUP
Seven,7
Seventeen,17
Severity,SVRTY
Sex,GNDR
Sg,SG
Shadow,SHDOW
Shape,SHAP
Shapes,SHAPS
Shard,SHARD
Share,SHR
Shared,SHRD
Shareholder,SHRHLDR
Shares,SHRS
Sharing,SHRNG
Sheet,SHT
Shelf,SHLF
Shell,SHELL
Shift,SHFT
Ship,SHIP
Shipment,SHPMNT
Shipped,SHIPD
Shipper,SHIPR
Shipping,SHPPNG
Shop,SHOP
Shopper,SHOPR
Short,SHRT
Short term Capital Gain,STCG
Short Term Incentive Compensation,STIC
Shortage,SHRTG
Shortest,SHRTST
Shortfall,SFALL
Shrink,SHRINK
Shrinkage,SHRNKG
Shuttle,SHTTL
Sick,SICK
Side,SIDE
Siebel,SIEBEL
Sign,SIGN
Signage,SIGNG
Signatory,SIGNTRY
Signature,SIGNTR
Signer,SIGNR
Significance,SIGNFCNC
Significant,SIGNFCNT
Silver,SLVR
Sim,SIM
Similar,SMLR
Simple,SIMPL
Simple Personnel Useable Database System,SPUDS
Simulate,SMULAT
Simulation,SMULTN
Since,SINCE
Single,SNGL
Single Family Default Monitoring System,SFDMS
Single Point,SNGLPNT
Single Purchase Limit,SNGLPRCHSLMT
Single Sign On,SSO
Singularity,SNGLRTY
Sink,SNK
Sinking,SNKNG
Sinking Fund,SNKFND
Site,SITE
Sitecatalyst,STCTLYST
Six,6
Sixteen,16
Size,SZ
Skeleton,SKLTN
Skill,SKL
Skim,SKIM
Skip,SKIP
Sla,SLA
Slice,SLICE
Slope,SLOP
Slot,SLOT
Slt,SLT
Small,SMALL
Small Business Financial Exchange,SBFE
Small Business Lending,SBL
Small Business Scoring Solutions,SBSS
Smallest,SMALST
Smarts,SMART
Smoke,SMKE
Smoker,SMKER
Smoking,SMKNG
Smooth,SMOTH
Sms,SMS
Smtp,SMTP
Snap,SNAP
Snapshot,SNAPSHT
Snc,SNC
Snip,SNIP
Snippet,SNIPT
Soap,SOAP
Social,SOCL
Social Security Number,SSN
Society,SOCTY
Society For Worldwide Interbank Financial Telecommunications,SWIFT
Soft,SOFT
Software,SFTW
Software Development Kit,SDK
Sold,SOLD
Sole,SOLE
Solicit,SLCT
Solicitation,SLCTTN
Solution,SOLUTN
Solution Architecture Document,SAD
Some,SOME
Something,SOMTHNG
Song,SONG
Sophisticated,SPHSTCTD
Sort,SORT
Sound,SOUND
Source,SRC
Sourcing,SRCNG
South,SOUTH
Sox,SOX
Space,SPAC
Span,SPAN
Spanish,SPNSH
Spark,SPRK
Speak,SPEAK
Speaker,SPEAKR
Speaking,SPEAKNG
Special,SPCL
Special Handling,SPH
Special Pay,SPPY
Special Value,SPVAL
Specialist,SPCLST
Specialization,SPCLZTN
Specific,SPEC
Specification,SPCFCTN
Specifications,SPCFCTNS
Speed,SPEED
Spell,SPELL
Spend,SPND
Spending,SPNDNG
Spine,SPINE
Splash,SPLSH
Split,SPLT
Spoil,SPOIL
Spoilage,SPLAGE
Sponsor,SPNSR
Sponsored,SPNSRD
Spot,SPOT
Spousal,SPOUSL
Spouse,SPOU
Spread,SPRD
Spreadsheet,SPRDSHT
Sprint,SPRNT
Sql,SQL
Square,SQUAR
Srdf,SRDF
Ssis,SSIS
Sso,SSO
Ssrs,SSRS
Sst,SST
Stabilise,STBLS
Stabilize,STBLZ
Stable,STBL
Stack,STACK
Staff,STAFF
Staff Control Reporting System,SCARS
Stage,STG
Staged,STGD
Staging,STGNG
Stale,STALE
Stamp,STMP
Stand,STND
Standard,STNDRD
Standard And Poor,SANDP
Standard Industrial Classification,SIC
Standard Reference Number,SRN
Standard Settlement Instructions,SSI
Standardized,STNDRDZD
Standards,STNDRDS
Standby,STNDBY
Standing,STNDNG
Stars,STARS
Start,STRT
State,STE
Stated,STTD
Statement,STMNT
Statemented,STMNTD
States,STS
Static,STTC
Station,STN
Statistic,STAT
Statistical,STATSCL
Statistics,STATS
Status,STATUS
Steady,STEADY
Steal,STL
Steel,STEL
Step,STEP
Stereo,STER
Sterling,STLNG
Stick,STICK
Sticker,STICKR
Stock,STCK
Stock Exchange,SE
Stock Exchange Automatic Quotation,SEAQ
Stock Exchange Daily Official List,SEDOL
Stock Keeping Unit,SKU
Stock Split,STCKSP
Stock Transfer,STF
Stolen,STLN
Stop,STOP
Stop Pay,STPPY
Stopover,STPOVR
Storage,STRG
Storage Area Network,SAN
Store,STORE
Stored,STORD
Story,STORY
Strap,STRP
Strata,STRATA
Strategic,STRTGC
Strategy,STRTGY
Stream,STRM
Streamline,STRMLN
Street,ST
Strike,STRK
Strikes,STRKS
String,STRING
Strip,STRIP
Stripe,STRPE
Structure,STRCTR
Structured Query Language,SQL
Stub,STUB
Studio,STUDIO
Style,STYL
Sub,SUB
Sub Analysis,SBAN
Sub Paying Agency,SPA
Sub Paying Agent,SPA
Sub Sequence,SSEQ
Sub Unit,SU
Subaccount,SACC
Subarea,SBARA
Subbrand,SBRND
Subclass,SBCLS
Subclassification,SBCLSFCTN
Subdivide,SBDV
Subdivision,SBDVSN
Subform,SBFRM
Subfunction,SFNCT
Subgroup,SGRP
Subject,SUBJ
Sublimit,SBLMT
Submission,SBMSN
Submit,SBMT
Submitted,SBMTD
Subnet,SUBNET
Subordinate,SBORD
Subproduct,SBPRDCT
Subregion,SBRGN
Subscribe,SUBSCRB
Subscriber,SUBSCRBR
Subscription,SUBSCRPTN
Subsequence,SSEQ
Subsequent,SBSQNT
Subset,SUBSET
Subsidiary,SBSDRY
Substitute,SUBST
Substitution,SUBSTTN
Subsystem,SUBSYS
Subtitle,SUBTTL
Subtopic,SUBTPC
Subtotal,SBTTL
Subtract,SBTRCT
Subtracted,SBTRCTD
Subtraction,SBTRCTN
Subtype,SUBTYP
Subunit,SU
Subvention,SBVNTN
Succeed,SUCCD
Success,SUCC
Successful,SUCCSSFL
Succession,SUCCSSN
Successor,SUCCSSR
Sufficient,SFFCNT
Suffix,SFX
Suggest,SUGST
Suggested,SUGSTD
Suggestion,SUGSTN
Suit,SUIT
Suit Lien Judgment,SLJ
Suitability,SUITBLTY
Sum,SUM
Summarise,SMRS
Summarize,SMRZ
Summary,SMMRY
Summit,SMMT
Sunday,SUN
Sundry,SDRY
Sunset,SNSET
Super,SUPR
Superior,SUPRR
Supermarket,SUPRMKT
Supervise,SPRVS
Supervisor,SPRVSR
Supplement,SPLMNT
Supplemental,SPLMNTL
Supplier,SPPLR
Supply,SPLY
Support,SPPRT
Supportability,SPPRTBLTY
Supported,SPRTD
Suppress,SUPRS
Suppression,SUPRSN
Surcharge,SCHG
Surname,LSTNM
Surplus,SRPLS
Surrogate,SRGT
Survey,SRVY
Survive,SURV
Suse,SUSE
Suspect,SUSPCT
Suspend,SUSPND
Suspended,SUSPNDD
Suspense,SUSP
Suspension,SUSPNSN
Suspicion,SUSPCN
Suspicions,SUSPCNS
Suspicious,SUSPCS
Svn,SVN
Swap,SWAP
Sweep,SWEEP
Swing,SWNG
Swipe,SWIPE
Swiped,SWIPD
Swiss,SWSS
Swiss Bonds,VLRN
Switch,SWTCH
Symbol,SYM
Symmetrix,SYMMTRX
Symmetrix Remote Data Facility,SRDF
Synchronization,SYNCHRNZTN
Synchronize,SYNCHRNZ
Synchronized,SYNCHRNZD
Synchronous,SYNCHRNS
Syndicate,SYND
Syndication,SYNDCTN
Syniverse,SYNVRS
Synonym,SYN
Syntax,SYNTX
Synthetic,SYNTHTC
System,SYS
System Management Tool,SMT
System Management Tool System,SMT
System Management Tools,SMT
System Management Tools System,SMT
System Of Record,SOR
System Service Request,SSR
System Withdrawal Investment Program,SWIP
Systems,SYS
Systems And Data Processing,SDP
Systems And Data Processing Department,SDP
Systems Planning And Control System,SPACS
T,T
Tab,TAB
Table,TBL
Tablet,TABLT
Tabloid,TABLD
Tag,TAG
Take,TAKE
Takedown,TKDWN
Taken,TAKEN
Takeover,TKOVR
Takeovers,TKOVRS
Talent,TLNT
Talisman,TLSMN
Tangible,TANG
Tap,TAP
Tape,TAPE
Tare,TARE
Target,TRGT
Tariff,TARFF
Task,TASK
Tax,TAX
Taxability,TAXBLTY
Taxable,TAXBL
Taxes,TAX
Taxonomy,TAXNMY
Tbd,TBD
Tdr,TDR
Team,TEAM
Team Foundation Server,TFS
Teamsite,TMSTE
Tease,TEAS
Teaser,TEASR
Technical,TECH
Technician,TECHNTN
Technique,TECHNQ
Technology,TECHNLGY
Technology and Operations Services,TOS
Technology Governance Risk Compliance,TGRC
Telco,TELCO
Telecom,TELCM
Telecommunication,TELCMNCTN
Telecommunications,TELCMNCTNS
Telemarketed,TLMRKTD
Telemarketing,TLMRKTNG
Telephone,PHN
Teleprocessing,TLPRCSNG
Television,TELVSN
Telex,TLX
Teller,TLLR
Template,TMPL
Templates,TMPLS
Temporary,TEMP
Tempurature,TEMPRTR
Ten,10
Tender,TNDR
Tenor,TNR
Tenure,TNRE
Teradata,TRDTA
Term,TERM
Terminal,TRMNL
Terminate,TRMNT
Terminated,TRMNTD
Termination,TRMNTN
Terms,TERMS
Territory,TERR
Test,TEST
Testability,TESTBLTY
Tested,TESTD
Testing,TESTNG
Texas,TEXAS
Texas Land And Title Association,TLTA
Text,TXT
Tfs,TFS
Tgrc,TGRC
The,THE
The One Worldwide Management Unit,TOWMU
The Security Association,TSA
Theater,THEATR
Theatre,THEATR
Theatrical,THEATRCL
Theme,THEME
Theoretical,THEO
Thermal,THRML
Theta,THETA
Thing,THNG
Third,THRD
Third Quarter,3QTR
Thirteen,13
This,THIS
This Month,TMO
This Time Only,TTO
This Week,TWK
This Year Thousand,TYR
Thousand,THSND
Thread,THRED
Three,3
Threshold,THRSHLD
Through,THRU
Thumb,THMB
Thumbnail,THMBNL
Thursday,THU
Tibco,TIBCO
Tick,TICK
Ticker,TCKR
Ticker Symbol,TCSYM
Ticket,TKT
Ticketed,TKTD
Ticketing,TKTNG
Tickler,TCKLR
Tier,TIER
Till,TILL
Time,TM
Time Deposit Account,TDA
Time Deposit Accounts,TDA
Time Money,TMNY
Time Period,TMPR
Time Series,TMSR
Time Stamp,TS
Timecard,TMCRD
Timeliness,TMLINESS
Timeout,TMOUT
Timer,TMR
Timestamp,TS
Timing,TMNG
Title,TITLE
Tls,TLS
Tmsa,TMSA
Tne,TNE
To,TO
To Be Announced,TBA
To Be Determined,TBD
Today,TDY
Togaf,TOGAF
Token,TOKEN
Tokenized,TOKNZD
Tolerance,TLRNC
Tomorrow,TMRW
Tonight,TNGHT
Tool,TOOL
Tools,TOOLS
Top,TOP
Topic,TOPIC
Topology,TPLGY
Tos,TOS
Total,TOT
Total Analysis Cycle,TAC
Total System,TSYS
Touch,TOUCH
Trace,TRCE
Traceability,TRCEBLTY
Track,TRK
Tracked,TRKD
Tracking,TRKNG
Tracks,TRKS
Tract,TRACT
Tractor,TRACTR
Tradability,TRDABLTY
Trade,TRD
Trade Tax,TTAX
Trader,TRDR
Trades,TRDS
Trading,TRDNG
Trading Day,TRDAY
Traffic,TRFFIC
Trail,TRAIL
Trailer,TRLR
Train,TRN
Training,TRNG
Trait,TRAIT
Tranche,TRNC
Transact,TRNSCT
Transaction,TXN
Transaction Currency,TRCY
Transaction Level Pricing,TLP
Transaction Log File,TLF
Transactions,TXNS
Transcript,TRNSCRPT
Transcription,TRNSCRPTN
Transfer,TRNSFR
Transfer Agent,TA
Transfer Initiation File,TIF
Transferring,TRNSFRNG
Transform,TRNSFRM
Transformable,TRNSFRMBL
Transformation,TRNSFRMTN
Transformed,TRNSFRMD
Transforming,TRNSFRMNG
Transforms,TRNSFRMS
Transient,TRNSIENT
Transit,TRNST
Transit Dollar,TRDLR
Transit Item,TRITM
Transition,TRNSITN
Translate,TRNSLT
Translation,TRNSLTN
Transmission,TRNSMSN
Transmission Control Facility,TCF
Transmit,TRNSMT
Transmitsecurity,TRNSMITSCRTY
Transmittal,TRNSMTL
Transmittal Unit,TRMSU
Transport,TRNSPT
Transportation,TRNSPRTN
Travel,TRVL
Travel Agency,TRVLAGCY
Travelers,TRVLRS
Travelers Check,TRVLCHK
Travelers Cheques,TRVLCHK
Tray,TRAY
Treasury,TRSRY
Treasury Bill,TBILL
Treasury Bond,TBOND
Treasury Management Service Agreement,TMSA
Treasury Note,TNOTE
Treasury Stock,TSTCK
Treat,TRT
Treatment,TRTMNT
Trend,TRND
Trending,TRNDNG
Trial,TRL
Tries,TRY
Trigger,TRGR
Trip,TRIP
Triple,TRIPL
Trouble,TRBL
Troubled,TRBLD
Troubled Debt Restructure,TDR
Truck,TRUCK
Truncate,TRUNC
Trust,TRST
Trustee,TRSTEE
Trustnow Essentials,TNE
Try,TRY
Tuesday,TUE
Tuition,TUTN
Turn,TURN
Turnaround,TRNRND
Turndown,TRNDWN
Turnover,TRNOVR
Tutor,TUTOR
Tutorial,TUTORL
Twelve,12
Twenty,20
Twitter,TWTTER
Two,2
Two Year,TY
Type,TYP
U,U
U.S. Bank,USBNK
U.S. Bank Home Mortgage,USBHM
U.S. Dollar Equivalent,USDE
Uat,UAT
Ubuntu,UBNTU
Ucc7,UCC7
Ui,UI
Ultimate,ULTMT
Ultragraphics,ULTRGRPHC
Unabsorb,UNABSRB
Unallocated,UNALCTD
Unamortized,UNAMORTD
Unassign,UNASSGN
Unassigned,UNASGND
Unauthorised,UNATHRSD
Unauthorized,UNATHRZD
Unavailable,UNAVLBL
Unbound,UNBND
Uncompensated,UNCMPNSTD
Uncontrolled,UNCNTRLLD
Uncover,UNCVR
Undated,UNDT
Undeliverable,UNDLVRBL
Undelivered,UNDLVRD
Under,UNDR
Underline,UNDRLN
Underlying,UNDRLYNG
Undertake,UNDRTK
Undertaking,UNDRTKNG
Underwrite,UNDRWRT
Underwriter,UNDRWRTR
Underwriting,UNDRWRTNG
Undrawn,UNDRWN
Unearned,UNERND
Unemployed,UNEMPLYD
Unemployment,UNEMPLYMNT
Unified,UNFYD
Uniform,UNFRM
Uniform Residential Loan Application,URLA
Uniform Resource Identifier,URI
Uniform Resource Locator,URL
Uniform Standards Of Professional Appraisal Practice,USPAP
Unify,UNIFY
Union,UNION
Unique,UNIQ
Unit,UNIT
Unit Customer Number,UCN
Unit Of Measure,UOM
United,UNITD
United Kingdom,UK
United States Bank,UNSTBNK
United States Dollar,USD
United States Of America,USA
United States Postal Service,USPS
United States Treasury,UST
Units,UNITS
Universal,UNIVRSL
Universal Database,UDB
Universal Serial Bus,USB
Universe,UNIVRS
University,UNIVRSTY
Unix,UNIX
Unknown,UNKNWN
Unlimited,UNLMTD
Unlink,UNLNK
Unload,UNLOAD
Unordered,UNORDD
Unpaid,UNPD
Unplanned,UNPLNND
Unprocessed,UNPRCSD
Unrealised,UNRLSD
Unrealized,UNRLZD
Unremitted,UNRMTD
Unresolve,UNRSLV
Unresolved,UNRSLVD
Unrounded,UNRNDD
Unscheduled,UNSCHDLD
Unsecured,UNSCRD
Unsettled,UNSTLD
Unsolicited,UNSLCTD
Unspecific,UNSPCFC
Unspecified,UNSPCFD
Unstaged,UNSTGD
Unsuccessful,UNSCSFL
Until,UNTIL
Unused,UNUSED
Unutilized,UUTL
Up,UP
Update,UPDT
Updateable,UPDTBL
Updated,UPDTD
Updater,UPDTR
Upgrade,UPGRD
Upload,UPLD
Upper,UPR
Uppercase,UPRCS
Upsell,UPSELL
Upsert,UPSERT
Upside,UPSIDE
Upstream,UPSTRM
Uptime,UPTM
Urban,URBN
Urgency,URGNCY
Urgent,URGENT
Url,URL
Us,US
Us Bank,USBNK
Us Bank Connections,CNECTNS
Us Bank Home Mortgage,USBHM
US Bank Loan Purpose,USBLP
Usability,USBLTY
Usable,USBL
Usage,USG
Usage Accumulation File,UAF
Usbi,USBI
Use,USE
Useable,USEBL
Used,USED
User,USR
User Acceptance Testing,UAT
User Interface,UI
Users,USERS
Using,USING
Utilisation,UTLSTN
Utiliseutilize,UTLSTLZ
Utilities,UTILITS
Utility,UTILITY
Utilization,UTLZTN
Utilized,UTLZD
V,V
Vacancy,VCNCY
Vacant,VCNT
Vacation,VACTN
Valid,VALID
Validate,VLDT
Validated,VLDTD
Validation,VLDTN
Valoren,VLRN
Valuable,VLBL
Valuation,VALTN
Value,VAL
Value Added Tax,VAT
Variable,VAR
Variance,VRNC
Variation,VARITN
Vault,VAULT
Vdt,CTML
Vdu,CTML
Vehicle,VEH
Vehicle Identification Number,VIN
Velocity,VELOCTY
Vendor,VNDR
Vendor Invoice,VNDRINV
Vendor Payment,VNDRPYMNT
Verification,VRFCTN
Verified,VRFD
Verify,VRFY
Version,VERSN
Versus,VS
Vertical,VRTCL
Vessel,VESSL
Vest,VEST
Vested,VSTD
Vesting,VSTNG
Veteran,VET
Veterans,VETS
Veterans Administration,VA
Via,VIA
Viable,VIABL
Video,VIDEO
View,VIEW
Viewing,VIEWNG
Viewpoint,VWPNT
Views,VIEWS
Vintage,VNTGE
Violate,VIOLT
Violation,VIOLTN
Virtual,VRTL
Virtual Machine,VM
Virtual Memory System,VMS
Virtual Private Network,VPN
Virtual Storage Access Method,VSAM
Virtualization,VRTLZTN
Virus,VIRUS
Visa,VISA
Visa Brand,VISA
Visible,VISBL
Visio,VISIO
Vision,VISION
Visit,VISIT
Visits,VISITS
Visual,VSL
Voice,VOICE
Voice Over IP,VOIP
Voice Response Unit,VRU
Voicemail,VOICML
Void,VOID
Voip,VOIP
Volatile,VLTL
Volume,VOL
Volumes,VOLS
Vote,VOTE
Voting,VOTNG
Voucher,VOUC
Vsam,VSAM
Vulnerability,VLNRBLTY
W,W
W2,W2
W4,W4
Wage,WAGE
Wages,WAGES
Wait,WAIT
Waiting,WAITNG
Waive,WAIVE
Waived,WAVD
Waiver,WAVR
Walk,WALK
Walked,WLKD
Walker,WLKR
Wall,WALL
Wall Street Journal,WSJ
Wan,WAN
Ware,WARE
Warehouse,WHSE
Warm,WARM
Warn,WARN
Warning,WRNG
Warrant,WARNT
Warrants,WARNTS
Warranty,WARRNTY
Waste,WASTE
Watch,WATCH
Water,WTR
Watt,WATT
Watts,WATTS
Wave,WAVE
Wcf,WCF
Wealth,WLTH
Weather,WETHR
Web,WEB
Webex,WEBEX
Webgate,WEBGT
Websphere,WEBSPHR
Wednesday,WED
Week,WK
Week End,WKND
Weekday,WKDY
Weekend,WKND
Weekly,WKLY
Weight,WGHT
Weighted,WGHTD
Weighted Average Cost Of Capital,WACC
Weighted Average Coupon,WAC
Weighted Average Maturity,WAM
Weighting,WGHTNG
Welfare,WELFR
Wertpaper,WERT
West,WEST
When,WHEN
When Issued,WI
Where,WHERE
White,WHT
Whole,WHL
Wholesale,WHSLE
Wide,WIDE
Wide Area Network,WAN
Width,WDTH
Wiki,WIKI
Wikipedia,WKPDA
Will,WILL
Window,WINDW
Windows,WINDWS
Windows Communication Framework,WCF
Wire,WIRE
Wireless,WIRLESS
Wires,WIRES
With,WITH
With Overhead,WOVRHD
Withdraw,WTHDRW
Withdrawal,WTHDRWL
Withdrawn,WTHDRWN
Withheld,WTHHLD
Withhold,WTHHLD
Withholding,WTHHLDNG
Withholding Tax,WTAX
Within,WITHIN
Without,WTHOT
Wizard,WIZRD
Woman,WOMAN
Women,WOMEN
Wood,WOOD
Word,WORD
Work,WRK
Work In Process,WIP
Work Sheet,WRKSHT
Workaround,WRKARND
Workbench,WRKBNCH
Workflow,WRKFLW
Workforce,WRKFRC
Working,WRKNG
Workload,WRKLD
Workplace,WRKPLC
Worksheet,WRKSHT
Workspace,WRKSPC
Workstation,WRKSTN
Workstep,WRKSTP
World,WORLD
World Wide Product Profitability,WWPP
World Wide Web,WWW
Worldwide,WRLDWD
Worldwide Product Profitability System,WWPPS
Worst,WRST
Worth,WRTH
Wrap,WRAP
Write,WRT
Write Down,WRTDN
Write Off,WRTOF
WriteDown,WRTDN
Written,WRTN
Written Off,WRTOF
X,X
Xml,XML
Xml Path,XPATH
Y,Y
Yahoo,YAHOO
Yard,YARD
Year,YR
Year End,YREND
Yearly,YRLY
Yellow,YELOW
Yen,YEN
Yes,YES
Yesmail,YESML
Yesterday,YDY
Yield,YLD
Yield To Maturity,YTM
York,YORK
Your,YOUR
Z,Z
Zero,ZERO
Zip,ZIP
Zip4,ZIP4
Zone,ZONE
